1,0.9999999999999998,0.10690886401521878,0.210423287816751,0.19472139278694267,-0.3020187823310266,-0.06491811829212797,0.4265612329426459,0.35473856827532246,-0.14981500776138154,-0.4499572307079906,1.0,0.9478788458420679,0.2253535048415333,0.29886812991922,0.07019527607339156,0.18321266045683193,0.2297889105323943,0.22574845026891832,0.5256863271011928,0.09354181089661673,-0.32665200264415545,-0.26642030900940417,0.07542922163904758,-0.19502353583387658,-0.14770835432617932,0.18060517781572213,0.008982627495556299,-0.05241845913068176,0.2585235030300032,0.0524049522319235,0.270074390572318,0.10531918357689705,0.08810907455640457,0.31319277272972756,0.44197925638731167,-0.41904339197822693,0.058071462757481575,-0.2254567309877417,-0.3552245041463021,-0.14925704495233275,0.14466533479418042,0.15127433370017648,0.608688341760208,0.23477803825941937,-0.01650020394955157,0.498724084334103,-0.15884471895651536,0.7543273111074541,-0.028720497890720384,0.06624352484659204,-0.4266210097606619,0.0,-0.1889731097816736,0.48014978043818074,0.1280001908998835,0.3529895697075109,0.2555807078269464,0.05682889868817195,0.42640143271122105,0.1856653910418256,0.5272137142030896,0.34267022394353025,0.19745388089684085,0.8319525685954231,0.14619308222607677,-0.18597012774114552,0.028877842941635895,0.259320999946202,-0.09656195566744094,-0.7325721416951918,0.584081765664483,0.12994792846060965,-0.06643243299391988,0.4134884686836885,0.4140749798262008,1.0000000000000002,0.21102871691507594,-0.0864078653089986,0.2145389589463481,-0.23320601710818084,0.08431645691600517,0.13602417746408474,-0.04152536049978833,1.0,0.2328500928916193,0.04756514941544918,0.24358249351446368,-0.2563019323300952,0.8214224137571167,0.07027890746515257,-0.3134879332135799,-0.002583040127953834,-0.467446442606104,0.3347896928378203,0.10052897284908388,0.018616023406967698,-0.5418246347591436,0.37497812484999915,0.1516278562679116
1,0.0,-1.0,1.0,-0.6246950475544241,-1.0,-1.0,0.0,1.0,-0.19611613513818385,0.0,1.0,1.0,-0.6261323441018619,-0.999411082636594,-1.0,-0.5648714762203103,-0.21000395585932924,1.0,-0.15277475626052017,-0.7599507375488839,-1.0,-0.5100946767141716,1.0,0.0,0.0,-0.15504682187838761,-0.3067867814137212,-1.0,0.0,-1.0,0.4033198698733347,-0.2521108865018378,0.0,-0.6598911505489885,1.0,-1.0,0.0,-1.0,0.019484036060064797,0.23732929329086686,1.0,0.0,0.8145632081649432,0.0,-1.0,0.0,1.0,-0.6246950475544242,-1.0,-0.19983124880108993,0.0,-1.0,0.0,-0.3422087264337876,-0.3978352762807676,-0.6246950475544243,0.0,-1.0,-0.9976596617949229,0.6552188261840984,-0.799159585033269,-0.31582180402923016,0.0,0.11708952421008093,-1.0,0.5345918106133646,-0.6246950475544241,-0.1961161351381839,0.0,-1.0,1.0,0.0,0.0,-0.041979767269516875,1.0,-1.0,-1.0,-0.9154719270425127,-1.0,1.0,-0.49320914070292,-1.0,-1.0,-0.9756097560975608,0.0,-0.857492925712544,0.0,0.0,0.6363389528194567,0.0,0.8268572201975214,-1.0,0.0,1.0,-1.0,-1.0,-0.6246950475544241,0.0,
1,-1.0,-1.0,0.3219382034818595,0.0,-1.0,0.0,0.0,0.0,0.0,0.0,1.0,-0.9440797092879645,-0.10342860047301525,-0.033688731693660955,-0.7436772328776978,-0.43153414301717974,-0.6088395348498795,-0.8516411462489755,0.6339279548854203,-1.0,-1.0,-1.0,0.0,-1.0,0.16974627476634846,-0.6325345708624238,0.0,-1.0,-0.9148983346007961,-0.8810881531978443,1.0,0.0,0.0,0.0,-1.0,1.0,-1.0,-1.0,-0.3427389505559798,0.0,-1.0,-0.7165193868247314,0.0,0.6601146077286789,0.0,-1.0,0.6123000982747522,-0.29645526391896737,0.0,0.0,0.0,1.0,0.0,-0.6220567053298323,-0.7672817679805835,-0.5513346045653748,-1.0,-1.0,-1.0000000000000002,-0.9018543591906352,-0.567559254009405,0.0,0.34248417581521723,0.0,-0.08784636891501477,0.0,-0.6081143506424846,-1.0,0.31622776601683844,0.0,-1.0,1.0,0.0,0.0,0.0,0.0,1.0,0.0,1.0,0.0,-0.6573867891987434,-1.0,0.0,0.0,0.2571395886708703,-0.5063544535975337,0.0,0.9310225994985718,0.0,-0.41976965173176467,0.0,0.8687556717838855,-0.9937127156342316,0.0,0.0,0.0,-1.0,,
1,-0.2349156647845448,0.11482978017284565,0.5443721131060089,0.02593615816318646,-1.0,0.5144644978707196,0.5303738551688715,-0.3106195245612927,-0.6135628491594812,-0.5563113589355726,0.4574941871767203,-0.13522096462557595,-0.2286356192406256,-0.02853052977526078,0.038540449487570565,0.4163505258406045,-0.023431919987253278,0.12830772558552467,-0.17530051462196783,-0.07933900598790261,-0.32207831320041536,-0.1686926098362295,0.1168359747524662,0.11150720229711265,0.43127461504622117,0.02968260885977641,-0.057111872153463146,0.24067037615493506,0.064446530922216,0.394909694873385,0.06740832491505222,-0.007101082724799663,-0.3012274279201595,0.2046468210254201,0.10011376876122864,-0.03897074291993934,-0.14332834183373175,0.01642557918078249,0.8755435375848256,0.9281321131929102,0.019713183674453263,0.521286035142687,-0.08333882923719999,-0.8540788151819418,-1.0,0.16697252862481915,-0.06366298659506404,-0.22889425810402317,0.0,0.39356870692221707,-0.5371329165241809,-0.05642682918109639,0.17389939728782253,-0.04485909342804773,0.3263992699479119,-0.19528336647123548,-0.6795842209647567,-0.19445723586546174,0.22369786468791233,-0.005303914929578562,-0.7071067811865476,-0.2527128444461262,-0.8569664319068511,0.01038146231626066,-0.12053653546244189,-0.33218588299764457,-0.9139345880559584,-0.05773265113858091,-0.09088984227046734,0.27103434087081896,0.7474794893706987,0.05574695046015238,0.23972706880463007,-0.3211980665018828,0.24760345149875884,-0.32379170205352664,-0.3010646218555326,-0.1403632357683562,0.0445524428531691,0.157026578366152,0.5998188971858007,0.015462582335450118,0.7384854939281259,0.6168527708118549,-0.2239664023869957,0.08803427015678171,0.07575751661531549,0.0,-0.17725098280936413,-0.07091801270274097,0.22868353480391154,-0.018750978946728898,0.21457691456599262,0.38719324779279307,-0.5754934061746134,0.14154179629671731,,,
1,0.02403007448525244,0.1599678387668514,-0.028178168955673353,0.0,-0.7980936255756521,-0.10819486740535615,0.9998995844840621,1.0,-0.10285080942163687,-0.20200698746228885,-0.4355946585846828,0.4143505866660377,0.14359351847400248,-0.1335611487606025,0.6560569104407747,-0.2779857189609282,-0.930532416857238,-0.21373600993561162,0.07204430285696029,1.0,0.4810847209284468,0.1405529915186467,0.24274094302102597,-0.4878476199400921,0.4921700879596089,0.9397231097896938,0.2829499894436208,0.3517253043858343,0.4073790478302952,0.6063008932500381,-1.0,0.32742550309931634,0.3209987470911865,-0.2655398754659254,0.05373205370024438,0.5765933948632447,0.39873346308283364,0.24170293813233817,0.28000000000000025,0.19232639270123206,0.16085728865323523,-0.009111817465580997,0.0,0.6102571532587292,-0.40178048841318265,-0.1849702681476986,-0.07398858224863218,0.0,-0.25817229878768966,0.0,0.05815999440603369,0.2610403808920166,0.4695798597153524,-0.06587960578820296,0.5766388083288672,-0.11555282790410103,0.4964587871918046,0.03150498689815242,0.060849532513506104,0.0,0.12557111668535018,0.44827008181587635,-0.10232453804247767,0.4783099036911107,0.7249765576775122,0.890342199436057,0.22164989630112014,0.9770186337283853,0.7061294389348081,-0.0847932806107316,-0.09821089405884875,0.0,-0.3834552501231717,-0.9638883809268918,-0.2636094450231784,-0.09302196215431052,-0.33227126116541034,-0.2096610046708569,0.04878126037610455,0.7899286096552375,-0.09682252537507816,1.0,-0.17616606585441072,-0.08924014530929333,0.09492068537675714,0.2114110805750956,0.0,0.041546779546625515,0.24509664458423708,-0.4354268535155909,0.5251098484558517,0.0,0.7767660542919754,-0.062371689944791586,-0.2536124628219693,,,,
1,0.003254253301721121,-0.17581377740646714,-0.012737820008659424,0.7935537622089868,0.47589142204092777,-0.034948724083301824,0.3344098451707651,0.2852914617590868,-0.050915497646977906,0.014574347744746271,0.10201025751056574,-0.042831168516212825,0.2518326552336947,0.3067172274582242,0.3165977485996076,0.8664922559842855,-0.2900940602461125,0.14570579424434651,0.6246950475544246,0.0023464505306245273,0.3855163077659772,-0.09627758578827594,0.5994353993336443,0.6462707439122414,0.2734019262266267,-0.20204527302693454,0.04622275140923728,-0.09788450944233712,-0.15471018145971696,0.22367354764703307,-0.09484976502243013,0.09657318527634547,-0.3590702839847938,0.1616190002276798,-0.2683075831179271,0.08113260076328366,-0.005662111162050761,0.05018978694567144,-0.05167065293101215,0.31244692130985335,0.29225512410217136,-1.0,-0.9438785190310695,-0.23436746915956888,0.0636714652130613,0.7539793121446625,0.0,0.3043636339290672,1.0,0.08773495534891503,0.04865499886064344,0.16491003237125934,-0.5146432207290655,0.28858785938321574,0.07297035337678259,0.1873596529604164,-0.29137740066809487,-0.013642864569327647,0.0,0.047309592348023115,0.13413734359379703,0.2380526446657697,0.040489358723045314,0.15745531745554722,0.2478073369661943,-0.11833975077480097,-1.0,-0.38590583090534086,-0.058595727152744,-0.6119588862599549,0.0,0.28224233525170483,0.028892193509070716,0.1819193323664883,0.16131092492288723,0.020260080273834306,0.5250981429121893,0.16115170482570237,0.4731615207737024,-0.10396884712155714,0.21912571927506905,-0.15996327747845926,-0.47584400276458133,-0.5483550079640181,-0.1472154621482384,0.11904471600778942,0.24434730630784685,0.39313575421942243,-0.4047456302621763,-0.028810940733418753,0.08732527356644913,0.03335960699619856,0.3384518526546081,0.38195413942432105,,,,,
1,0.34634923809726603,0.6429336321002627,-0.13976530577020424,0.1487507480881311,0.10963100137801239,-0.6013987668055659,0.4817189847267996,0.21105886962445078,-0.22110520723124208,0.40847308840248375,0.3089497644207185,0.17995177022972822,0.31584664396898066,0.10654228099647536,-0.30923348895219566,0.06858312605016167,0.006658514426826907,0.3442403992404112,0.21117463461743144,0.215447088734319,0.08486768029694428,-0.26344569582757565,0.2666889040139627,0.4793631472818127,0.3208112359357191,0.3553613196858484,0.24640847545100134,0.7236788120151194,-0.6117913786788343,0.5377172459073963,0.19231678840946165,0.3660694828195676,0.7622090927112748,-0.38417296889314523,0.07066169354805549,0.07204564780902778,0.44851821077931375,0.040637129261549096,0.5254689946345744,-0.2719027771367158,0.5715680860785127,-0.7316594712539655,0.08538157216242614,0.5486554129056465,0.13461041709200877,0.0,0.6178335461540211,0.0,0.7371637472784538,0.3851319463612376,0.3613484099163569,-0.22258877736422428,-1.0,-0.011141712154311523,0.07302686322928792,0.4930555502288428,0.09762994212917313,-0.45634673912472346,-0.020909044691664467,-0.17296902544067744,0.19597165460623717,0.1340596847309404,-0.3405334398316982,0.5050157126545524,0.15024272879206277,-0.3601771766157904,0.2901681585805731,0.45087272949701424,0.004723530937426472,0.03714140819806206,0.361326606185615,0.6712630287582111,0.43962480560193035,-0.05408851534736581,0.05171032177738442,-0.17216498088374654,0.33314125480220436,-0.8768250116678014,0.3650398999441429,0.7384854939281257,0.904288783250992,-0.020940797907890937,-0.18569352509285553,0.44070083098917784,0.0,-0.0705801070910846,0.2229783969938529,0.34352235703255085,0.4184663548227703,0.07882059774806699,-0.13042317019011473,0.23491567521403706,0.12805076511893201,,,,,,
1,0.0,-0.6054331391654408,0.19653924398890252,-0.7248454241910537,0.8828836763609833,0.12286445380130402,0.37346501268942783,0.25168569598552376,0.2977918800691577,0.0006449721425264459,0.07627989583634175,0.7294842319611928,-0.0378463809847441,0.4743894327901772,0.00911714020808032,0.3793718930636449,-0.1784684692524392,0.10611913712644035,0.4338468848712796,0.1388652385834463,-0.3533719415758168,0.39155516409726754,0.12182566290646135,0.38852477383029466,-0.026066075574803015,-0.3192173563962217,0.5552814170431374,1.0,0.06702259358838666,0.25698667743840686,0.45848252666197314,0.3673056595609016,-0.16021207480482139,0.3664515406090531,-0.14606171628144932,1.0,0.26179639142392463,0.45517552284042895,0.4104481878395212,0.0,0.2642997357656554,0.6754507091730074,-0.12178799698952009,0.4022592144798793,0.0,0.2579063157766227,-1.0,0.05029843052359031,0.23877838078127672,-0.07351559039863588,0.5740232138080527,0.37796447300922736,0.6867982506823546,-0.024166341291941708,0.5606136476764949,0.5336186576775686,0.0,0.1695114324516123,0.46216787599682624,-0.02247281199031915,0.8885730170888534,0.7299442449919049,1.0,0.31931787357303304,-1.0,1.0,-0.7437995256183911,0.5008909876739391,0.0,0.29060063595034247,0.5240956115402172,0.6997578992226552,0.052018195580435515,-0.09945726131149943,0.38984374039147107,0.4407159932949942,1.0,0.17269244753909,0.0,0.7811209524330232,0.29400478886941595,0.7540815958863059,0.2548936245654467,0.0,0.4096901885169705,0.019052966799325284,-0.21601417558432973,0.38722328823582963,0.5214500094539747,-0.7791536099809996,0.008892571726135959,0.03786013077088287,,,,,,,
1,1.0000000000000002,0.0,0.0,1.0,0.0,0.3939766251614361,-1.0,0.8707702062225875,0.3376193927887858,0.9574127171101995,0.5317050531092526,-0.03357259845769127,-0.2890034999051225,1.0,0.44991373919949224,1.0,0.0,0.9971649345893556,-0.03100548430634098,0.5350520811843446,1.0,1.0000000000000002,0.9416641007869007,1.0000000000000002,-0.9943925124214649,0.0,-1.0000000000000002,0.0,1.0,-0.10547438309019443,0.8647889466100896,-1.0,0.06697338287565414,0.0,0.0,0.1810372881928644,0.0,0.0,1.0,-1.0,0.18760460046632235,0.18677484541929076,-1.0,0.0,0.0,0.0,0.0,0.8524764137421167,-0.9734815732930973,0.043548192814421835,0.0,0.01634525302159295,0.5023580983414807,0.5260973511725404,0.5326804085153637,-1.0,0.15626746358347018,-0.6768734161545313,0.17697568295115165,0.0,-1.0,0.0,0.316227766016837,0.0,0.1968088257789358,0.6966402742572926,-0.3236094978812123,0.8196561646738474,0.9684929325968498,0.0,1.0,0.0,0.5170019934532674,0.8533660483744244,0.22890629673535406,0.0,0.948114136877646,1.0,0.9997694205196342,-0.504644281050811,0.0,0.5013473905210358,0.0,-1.0,0.0,0.935077893596752,1.0,0.996134116991052,-1.0,0.0,0.11423267163937792,,,,,,,,
1,1.0000000000000002,0.9873696154746001,-0.4918671108634783,0.5037124657346026,0.15003125870202277,0.5041712424146478,-0.2209464283925284,-0.3307425011118284,-0.6744161002835255,0.31612644096446707,0.3366767822244658,-0.24463423992756592,0.4388352985050014,-0.10940161714131713,0.048116959369484354,-0.9831816147507559,0.5969947566270947,-0.3472829093768955,0.7729182497274176,-0.07079191048057261,1.0,-0.4388352985050015,-0.42407371517156006,0.0015294370263633757,0.0,-1.0,-0.9989456264442096,-0.021222202707626682,-0.7937378032747012,-0.86887562375374,-0.10001495958979668,-0.17414291547216684,0.9759408738801756,0.0,-0.3719380505606899,1.0,0.22665468190254423,-1.0,-0.6838440514187886,0.024264887096169113,-0.5596340530928355,-0.11124835236535009,0.0,0.13170751226148436,0.0,-0.04296206131143652,-0.4861716770735295,-0.28306137501875706,0.8573079422469365,0.0,0.9999999999999998,-0.33888166616971477,-0.6114577697166628,-0.06365946717259278,-0.8864936696321928,-0.3875201479465866,-0.5101960960163324,0.23216986260349382,-0.9607363543884511,0.23869336687140955,0.0,-0.8132382814896367,-0.7175908578483764,-0.919714349259799,0.9334918673315997,-0.650348954341613,0.048116959369484374,-0.981912681670905,-0.18085828836590992,-0.7834885084929716,-0.4962925872712935,0.10627319505723662,-0.016261044846400247,-0.17179770378067585,0.0,-0.03155826175394949,0.0,0.9651162790697676,-0.16214605582243777,0.0,-0.22319159302505057,0.0,0.17751674636734943,-0.41496788741225155,-0.5975045486280081,-0.7734116354577091,-0.1576869200194529,-0.13426694141968112,-0.4388352985050015,-0.12459514068671179,,,,,,,,,
1,1.0,1.0,0.24753619925312445,0.7390775945895318,-0.7454684707249523,0.3822084350815095,0.4376858927933563,-0.017566777118630465,0.0,0.6086161821512943,0.820905201785487,1.0,0.6364809491937534,1.0,0.3594426372804581,0.7819654046735401,0.3209635650026949,0.5805482284559453,0.2542684016463192,-0.5121356758787128,0.033668047600068605,0.36893014501480714,-0.0891211193299417,1.0,0.31062713216386445,0.14824039976041367,0.355955643377048,0.6241569316582168,0.5015896544305384,-0.16229896256402132,0.5728938378140246,-0.07835279486557599,0.32403088469878294,0.43806248610274806,0.5190369119311129,0.49797602372623073,0.5443005539941869,-0.3386750368309122,-0.02393531391806502,0.1677371788669494,-0.07633693194074125,0.0,0.5147863441680183,0.0,0.5730187585557506,0.4139645262421581,0.42303502717790276,-0.2005126086563361,1.0,-0.6211216024939888,0.4287409723808555,0.17749491204898876,0.29135843906209485,0.0,0.4439412203108309,0.7766812145057926,0.1783862149659509,0.20721444841253528,0.5771629335526078,0.2174557816618939,0.2384047247149737,-0.2591285660873499,0.0,-0.35130987391208507,-0.4124589743302446,1.0,0.13509047685223816,0.3107649741482261,0.4010323202597452,0.33137396127217905,0.143736018602134,0.7733574215241479,0.6366458889969998,0.4816444586613797,-0.2657385971381522,1.0,-0.23069739598748412,-0.8410909129658719,-0.09035079029052552,0.37676660232851894,0.0,0.6048850948103031,0.5712575767531595,0.4981180774949294,-0.022181345825931165,0.8539463608244073,0.9282091735665099,0.3137733635723167,-0.047621749624012395,,,,,,,,,,
1,1.0,1.0,-0.32031517621172445,0.0,-0.15330501403185573,0.9894287854349025,-0.385236914864385,0.713523318903824,0.6358080617556369,0.0,0.0,-0.32464109273314407,0.0,0.0,0.13645552726574225,1.0,0.0,0.0,0.999706652231906,0.9177221168073147,-0.13282445352378408,0.1028991510855051,0.4168165716428593,-1.0,0.0,-0.3990418243205109,0.0,-1.0,0.3186207097409638,-0.1222820227865577,0.05774775509965511,-1.0,-0.03284435267348599,1.0,0.8761007362330453,-1.0,0.0,-1.0,-0.351235763584459,0.0,0.0,0.0,0.10289915108550506,-1.0,-0.5879093054651348,-0.09095731735610361,0.0,0.0,0.0,0.10289915108550511,-0.4450237750969239,-0.34849748323609736,0.0,-0.19838732069506843,0.0,0.28278797023081087,-1.0,0.0,0.0,-1.0,0.0,0.0,-0.03505311241561186,0.0,0.0,0.0,0.0,0.0,0.0,0.07630977671898148,1.0,0.6249826173872874,1.0,-0.5642955278241555,0.0,0.0,0.8145859903542501,1.0,0.08805818468576296,1.0,-0.04006174622150985,0.9177221168073147,-0.6851867735698209,-1.0,0.0,0.0,0.7842831296188695,0.41585467829568074,,,,,,,,,,,
1,0.9795671156012253,0.5929574712237795,-0.8249565534322486,0.5348596156677801,0.9555288578706361,0.47905901342235585,0.09844141685486639,0.08241555046603859,0.6083204621894551,-1.0,0.6228711802520458,1.0,1.0,0.8778895546654119,0.3573318586253408,0.9348621457092937,0.9999999999999998,1.0,1.0,0.8605380073681679,0.0008605493577890436,0.0,0.8301392065438943,0.0,1.0,0.15144997529519802,0.0,-0.026676241217136337,-0.1451448765672991,-0.9722571544479401,1.0,0.5672914857201603,0.0,0.308393456920574,0.7389558439133289,1.0,-0.5057567533515857,-0.1446964903502077,-0.33830426135068836,0.0,-1.0,1.0,1.0,0.49140988374160954,0.33440984517076505,-0.4919635869137786,0.0,0.9123194875089858,0.39322136409636943,0.5677814361327999,0.5602092510579619,0.0,0.1590577351885029,1.0,0.2720187320468494,-0.010077316534100685,0.0,0.0,0.9045340337332908,1.0,0.2122389770468671,-0.47020638877803256,0.9585363562790535,1.0,1.0000000000000002,-0.7690393009359405,-0.05023263238230904,1.0,0.6152215720009561,0.3348070999823686,0.8170322099267028,0.0,0.06998522289119592,0.0,-1.0,0.9940719052549907,0.0,0.6418421946624595,-1.0,0.7760240103913648,-0.334409845170765,0.9745049147496875,0.19980692367095998,0.7456542249879751,0.0,0.0,-0.37754666897615613,,,,,,,,,,,,
1,-0.12757894855516547,-0.3778688627601492,-0.16289441013390027,0.7171678327861775,-0.035560942820422416,1.0,0.44176212664918807,0.2039542541120007,-0.20395425411200077,0.2712496315719953,0.6246950475544246,-0.030092627557161522,0.023352134986570242,0.11589066325126586,0.3105699962745947,0.5171156399255815,-0.37086604244318905,-0.09129991163087486,0.3576227798732749,-0.8518572513513009,-0.09612629835240985,-0.2977413017476376,0.3181730986749164,-0.015330924221990212,-0.42999637005464564,0.180716857203033,-0.19766894910098642,0.5838048127111193,-0.265513416353272,1.0,0.10045369893897048,0.4114645702561679,0.041185344049542855,0.0,-0.6123179420417871,-0.5450869252387215,0.5456581693690904,-0.28294272244422536,0.0,0.17028875474650781,0.0,-0.012993148307570623,0.1709938610784952,0.3016470874642363,-0.16130615330135106,-0.3779644730092273,-0.09674820149062277,0.6754982323185019,-0.11155557783530977,0.4493968327007896,0.0,0.5593542601158682,-0.13143238630149737,0.22517319754272846,0.025268942428910292,-0.6789128388902921,0.7378795197338494,0.37519641285486266,-1.0,-0.6387792913534941,-0.8703533858746983,0.13353077568912095,0.0,-0.5482312480034575,-0.510538754155436,-0.14401861221264478,0.44077168973652286,0.3681456914946003,0.38417463758258386,0.2663739983774229,-1.0,0.19988760158199245,0.0,-0.6459422414661741,-1.0,0.6199448815202917,0.045519468461703065,0.0,0.10679509320604307,0.1817268672031983,0.6087898296877599,-0.05900652105421878,0.9416981553979495,0.9422146902791405,-0.15745168557189107,0.7006500867595817,,,,,,,,,,,,,
1,-0.4278796076068521,0.6002114483519211,0.35255428347039347,0.08731523017532551,-0.013065596919856783,0.3625756332294211,0.2108889192007382,-0.2642305593199401,0.36338506758276606,0.6665753672413959,-0.06393213919882368,0.4776262923787721,0.18600210881068838,0.4623848091086765,-0.19850699718440287,-0.3094297337980077,0.7917013677231158,0.5833176973618581,0.08848867151434144,0.0,-0.1397531223469704,-0.03166925013736325,0.5786328347124688,0.6392136243027257,0.1168023988352636,-0.3492071581294787,0.2813495939721335,-0.40782008641296386,0.8388546227388641,0.2511785387521172,-0.6723234731287125,0.44602987434787367,0.3901169995157656,-0.06200854066407436,0.36855612574163726,0.03541812236092877,0.056964264801432574,0.0,0.7166414897953877,-1.0,0.2761875851949478,0.48267248900770815,0.46815469789796926,-0.2935028559108071,0.6980364818592542,0.058869368544726616,0.2514569450359055,0.36119599773754607,0.07193861048608977,0.1854517993543866,-0.24380624642483567,0.010930613088474435,0.04893191773083358,0.17936044400164836,-0.06450150478556649,-0.6593596594338216,0.6170468244555672,-0.3055491686676571,0.5669905613435596,0.2602299764714521,0.30621848094542514,0.4849391696657954,0.42234073657759674,0.061031232165034005,-0.017156490352644313,0.4912375141269902,0.6023156361855362,0.10404757627243189,0.5017916548810486,1.0,0.12344551840120135,-0.9101797349199244,0.16842927684824374,-0.44318430753788,0.8143507954864982,0.03596465997145309,1.0,0.46746209051758675,0.6595288970588351,0.4169081947680846,0.5175263405265287,0.14958407867201842,-0.00016877298467131004,0.14939933495056937,-0.03047218362181996,,,,,,,,,,,,,,
1,-0.4409223970774986,0.08236128194362423,-0.07311486522076904,0.2811283165129015,-0.09350399558488079,0.27390453603571097,0.4314669407809647,-0.2477266392136853,-0.5814606021513973,-0.8480701887570664,-0.24506842695846923,-0.2945461814113011,-0.25118090024632816,-0.6457722989724508,-0.12389281914732377,-0.20949098257003002,-0.15565497756723132,0.5757263945410058,1.0,-0.2488843800401073,-0.937736184024675,0.5674576039606251,-0.10791533098421872,0.2225020380544262,-0.35648857579422627,-0.16919944440882195,0.6393063711258614,-0.9783368266189787,-0.585698595641639,-0.2348600665605913,0.13962523039492666,-0.9768505187558116,-0.23050111312304253,0.30652951000401507,0.16969001719419013,0.3192111465508803,0.0,-0.2901570791670376,0.1967421737290058,-0.6130948036205136,0.06929048440548519,0.14232442284753136,0.0754878934428713,-0.5185328481020035,0.20976488406801053,-0.2847721224703999,-0.1011571639170172,-0.1222851808247611,-0.11076035052218783,0.16449886052323026,0.1243621463194535,-0.287130700332079,-0.2345930321661592,-0.16428742135342883,-0.4839103537896292,-0.3283743039858081,0.42795537304633524,0.12048387070337443,-0.2775991255367434,-0.09217115729032044,-0.4579478193668847,-0.38658893751698475,0.3779254479111536,0.19349270103638097,0.021089222638086092,-0.28758316311325544,0.17727936154454726,0.17064888751389506,0.9990331116952019,-0.0541776900287337,0.8948293318048236,0.06385622683978075,0.20813598861266389,0.07840953517925224,-0.047952415561148,0.0,-0.6445215070494605,0.06621427982197572,0.11708307880755543,-0.3120380233108819,-0.797237482534278,0.11233969417754108,0.7305243216683366,0.08135784817689798,,,,,,,,,,,,,,,
1,0.3016830899748321,0.003543636788702334,0.4662344965862825,0.22445843557436346,-0.06515762371019015,-0.06453955149972339,0.7075184125964497,0.8788643228012399,0.3650098021285824,0.20723549204852965,0.2646166220188641,0.3319128742441215,0.25806725953018494,0.013205847149103434,0.43760445361628564,0.5339634092363235,-0.22785388590530492,-0.1659386643580001,0.22192420176991465,-0.10525855720710456,0.33262420214484456,0.28882495120328844,0.3721405772086084,-0.02110924003851916,0.3059460082997338,-0.40914966769792965,0.8193718156227033,0.441309394472232,0.41495784266488567,0.2263341368513124,0.46676442293218634,-0.14708473561568478,0.0360081382263153,0.1478602000853468,0.31282946004424333,0.0,0.5873711335048512,1.0,0.383787224467816,0.2130582971161241,0.2820813514698218,-0.4735998910448694,0.6375100125778466,0.45790609295731055,0.4878814670855587,0.3610922121599354,0.19895942820495385,0.3283484622650739,0.06370149575588104,-0.1516600679525836,0.1450543481309241,0.4418307943874298,0.24256906984680582,-0.2574888830466596,0.6784163138746038,0.2956918298023853,0.5049449117830956,0.27301148561871325,0.16068849889807835,0.8826209555824425,0.3738742931597311,0.47477093982122687,0.34026333875189163,0.1261610363846184,0.34449683810272097,0.27523010137641035,0.26288679538921644,0.9711258294680248,0.27841186214834723,0.5050201638207672,0.5566713686338285,0.1473906399225341,-0.15501011436273687,0.2769852710806464,0.0,0.2652557627457837,0.5888605447044618,0.34464737127867534,0.43604434755040217,0.8921345656073099,-0.4927845486051361,0.020939969047176318,-0.06834261000304817,,,,,,,,,,,,,,,,
1,0.2930661570910559,0.27449591904828635,-0.021716728471001964,-0.04261382977461173,0.17553119015288357,0.5597386729907312,0.7592457901924518,0.5011656995928605,0.016273875759217106,0.42385220238697524,0.39726972059454163,0.21260069273394835,-0.4740249276658915,0.49840548383575506,0.41946040114434496,0.14579869430078857,0.8333892044490044,0.31509790114836755,0.12028227788353905,0.4784413805654655,0.2972809538384886,0.45405003510415715,-0.02221115108946577,0.3271408439926481,0.0033512434403481246,0.3531536190032855,0.2777124440638052,0.2768952273428676,0.12523121465475917,0.022136074578222167,-0.28953204320366804,0.3009694292383699,0.3589042847475272,0.047850934176972,0.0,0.49299533876368484,0.7813063085441294,-0.025734083781171643,0.5119542569843478,0.3010103692049393,-0.03280097493231772,0.017251548666395552,0.5732351964472363,0.31649250525891576,0.3085930205023351,0.3845316145139801,-0.10885838230804291,0.31379364665730825,0.09292861682551067,0.1374039403326293,0.5558791417973926,0.3318207596055862,0.03947976081018166,0.662594826771017,0.34704361607782275,0.26827682499044336,0.38210101812463393,0.3072682318331034,0.19699972764615725,0.06459439450080107,0.08978136251815862,0.379459250052938,0.5821654162820872,0.03533805754292891,0.20539133785297214,0.32600118405782547,0.8575176215356897,0.288377874162313,0.8947717312131499,0.6586459420880391,-0.20450061968968905,0.3451378868227338,0.45975185677490826,0.0,0.0923657650553747,0.2627336187543367,0.45982917618724406,0.1296523667995086,0.35856231865908467,0.05323476508528594,0.14483736812699524,-0.05039979824914817,,,,,,,,,,,,,,,,,
1,0.45138271022495385,-0.2169998553880052,0.0516095671230203,0.16939676609222834,0.06899053728943115,0.37619711867029537,0.47710788224707784,0.24108364057703574,0.15888380019584986,0.39187745338168356,-0.08572556005049581,0.2999817733398302,0.3761331090767227,0.11355354628347153,0.07020385769600844,0.12545727168234688,0.3616951319725238,-0.35847992481158375,0.3122165532048208,0.021965851903983594,0.34520005232154194,-0.2089864433314509,0.20330150866831012,0.1199070977439846,0.5959415583070181,0.16994392054138632,0.20512244383161657,0.13098343782964705,0.16518535767982095,0.4767849707885816,-0.025233878373453672,0.1961815822561876,-0.29698563716640264,0.0,-0.07530129080704094,0.33859585535910863,-0.08482500247898496,0.48435213875949046,0.3469513466354015,-0.07164482018078983,0.7133540474911982,0.339193936422888,0.20830072579165143,0.25207619501231643,0.1877272585874358,1.0,0.11492175752912262,0.4166447886171117,0.0654432294334189,0.4473803971305034,-0.23884656416929298,0.1279271913379142,0.4364645226348349,0.2944748566089117,0.5124732017132352,0.1881725650397697,0.19625610483478917,0.8723057851465692,0.519495106316062,0.12397023576662929,0.4410314948171448,0.3537293764603142,0.22926420725569913,-0.0013528376959232342,0.0869111945687924,-0.6560704382239969,0.29080507834698804,-0.25728058018807226,0.4159821557703502,-0.3844970034547585,0.2508237564108188,0.2947420955057269,0.6050308531537109,0.17602835024454822,0.1404822303135527,0.4147100014799413,0.45770799029225895,0.19465864779423353,0.00014818922485188767,0.3155151017415213,0.1056626558021274,,,,,,,,,,,,,,,,,,
1,-0.0966787173739506,-0.37854378009676876,-0.22901930375317944,-0.203913303340946,0.9824763780757723,-1.0,0.2951624303137454,0.2064919468980494,0.11940709007280487,1.0,0.7771056395890752,0.33346884729894516,0.5978246886051033,-0.3725518447059221,-1.0,-0.34042046189975705,-0.7893522173763264,0.004057104834186752,-0.6083964177572425,-0.2408235443981761,-0.27834608570598,0.27986369318970383,0.4746631727662507,-1.0,0.2137209913045033,1.0,0.2812077325959292,0.30482611449697905,-0.02631123459879526,-0.37352135558853616,0.3821757382930508,0.5649118277654045,0.0,0.2442037341506221,-0.5661707784346669,0.974430121165769,0.5911388087359242,0.6280757814575597,-0.3552203625393968,-0.6942585262068892,0.7893370379638585,0.1612582863139908,0.06048232061918147,0.3276533816681719,-0.9979253089684582,0.3345768513024128,-0.6897372822575591,-0.00302577603322697,0.47492818899693656,0.11704114719613139,-0.7416370062186399,0.0,-0.4728650701141461,0.10448414528902167,0.6647137659409664,-0.4726587186672381,0.35832094312631263,-1.0,-1.0,-0.12890355459639743,-1.0,0.06136240779424974,0.511880878573579,0.2914026518891209,0.0,0.037398061181214956,0.8313693827508963,0.6914562445127705,-0.2229132616332454,-1.0,0.14189560866296186,0.6157136253096669,0.35462323776382015,0.6043907411533713,0.652200209709788,0.5748792853979102,0.12367244490394379,0.07999146920193612,1.0,-0.006668488491016781,,,,,,,,,,,,,,,,,,,
1,0.1267268091854552,0.37380346081145605,0.26460608645563277,-0.39540048089150315,-0.13086582936041274,0.5294718050096618,-0.13551134730186856,0.17269655231452516,0.1829354372574416,0.03259965180660067,-0.14212344416234818,0.2633773687853089,0.05415411637025093,-1.0,0.14316070897766386,-0.04467747008936707,0.024016396879776594,-0.1513581134862938,0.5596845430026988,-0.18035813231696743,0.4636901955296504,-0.09466241927224231,0.31996500085035084,0.0539461277985118,0.2683548552100121,0.18512282565221633,0.34405114624444566,-0.10361663051496278,-0.33092799546425694,-0.20644973279578752,-0.0008100401371901222,0.0,0.7247278511935126,1.0,0.1181235905420719,-0.11970223900557268,0.394898487363723,-0.23837455579451672,-0.403396390379694,-0.4262948501340874,-0.1853260876622643,0.12162880523634453,-0.1973215107727365,0.03234846942367982,-0.3777715877952507,0.39964873180188876,0.20879742793952807,-0.1948562779995813,-0.12176022601446623,-0.15566984684956364,0.061365706123422556,-0.5289015292222172,-0.829933837574439,-0.03276529920267859,-0.09813823166100201,0.10821810930933069,0.3750183493987682,0.3059464528181497,-0.1817773144873311,-0.3289846083626742,0.15802592179842864,0.03363097588213577,0.16361322225300723,0.9549861560161291,0.2609293804646427,-1.0,-0.7329531162998315,-0.058895759262313524,0.031494023459091136,-0.20587023267122115,-1.0,0.10010877510039473,0.6752736973567876,0.015539754812915665,-0.3191458367268681,0.12680394913649579,0.23652756113510856,0.5895753509864505,0.26886789459634314,,,,,,,,,,,,,,,,,,,,
1,-0.1764406839929218,0.36558438708341395,-0.6561049553274961,-1.0,0.8475678628428014,0.32093214477206844,0.19388147268279238,-0.42925466070853285,0.0,1.0,0.8633358407881356,0.4460123581081874,0.0,0.6432643877607442,-1.0,0.14184127110435188,-0.48682532426732944,0.04943081722983632,0.15254740413052012,0.2899068795353164,-0.014956721098739127,0.0,-0.04523371485751436,0.0,0.9190670637690307,-0.605122963739596,-0.8737838794729632,0.30419670045001496,-0.21136169879745118,0.04547955778786081,0.0,0.9999999999999999,0.0,0.48390601486115614,0.4743851406385406,-0.006451903765174664,-0.24819265656209513,0.11580746055349483,-0.22941270603291103,-0.024340046478639618,-0.004071807520397178,-0.1437467385565463,0.48652692471747166,-0.06299761850411728,0.7931260276061824,-0.11780171406814302,0.33740929744361303,0.3382091396694274,0.0,0.2834089574578802,0.0044230668921169895,0.27188775196811527,-0.5305032745726059,-0.08225182810489347,-0.17121264127798158,0.5328132696861394,-0.7778464719877162,0.17957459108592264,-0.4740998230350173,-0.15833056003819018,-0.18325949727787483,0.8448608657029557,0.0,0.04308834471936634,1.0,0.06973388093173512,-0.46145277190577455,0.0,0.08998110382069846,1.0,0.3950243844771246,0.24907616334595925,0.31179985357012996,-0.9296915897683651,-0.3101855911636245,0.7798517663053975,0.9569983948765056,0.672366481166561,,,,,,,,,,,,,,,,,,,,,
1,0.2377325369043244,0.0,-0.5715847789022998,-0.2874363550284647,0.05768109639488087,-0.14394470089090167,0.9103664774626048,0.1480702331869709,-0.22342163330231718,0.11222061443965932,-0.3826070804165957,0.5433907804852953,-0.2824236786780027,-1.0,-0.26589003350777757,0.02243882583220848,-0.4386519034323955,-0.062027113979838705,0.05198273922351587,0.644755771682182,-1.0,-0.08826470736634741,-0.06586649219387845,-0.7932186429529462,0.24877633360204837,-0.9535826651341415,0.23401551789962982,-0.10141606856809283,-0.24457106357610323,0.0,0.4607965781657261,-1.0,0.930823355221755,0.07497930826435875,0.19354753616028209,0.4793785741867431,-0.13108062627326922,0.5188164490985333,-0.10530166743333486,0.05627359717737462,-0.14626741785038913,0.6156440419723153,0.03837080464613829,0.2210836000677033,0.009655405546277335,0.31404890798129614,-1.0,-0.009433542482529457,-0.399762399741435,-0.06939720250118905,0.11552240359781932,0.12480938927212884,-0.04256953975123155,0.03749199198807966,-0.40410481526948994,-0.40231075427066965,0.15855992985393405,-0.7761140001162655,-0.01035092435120916,0.6706012828102366,0.021934856767102544,-0.13598002073001705,0.8889745564266031,-0.07909649964604168,-0.47262273850699643,0.07383840178682478,-0.8161300720556193,0.02969160354587064,0.0,0.0,-0.9463498560679949,0.37329447484579037,0.16573435915520815,0.47471487367098486,0.18844218437686042,0.34570535882735626,0.5422040753433939,,,,,,,,,,,,,,,,,,,,,,
1,0.8962581595302719,0.20088776593586027,0.7131391049679019,0.1429428022189713,0.4664452305788727,0.9393939393939394,-0.5890235233333596,0.5935115055563843,0.17619596758444112,-0.01620436587276677,0.945484566826711,0.5342176066091758,0.17093520167692627,0.29508906423755155,0.32571327880122586,0.8493903907840347,-0.27758712797794916,0.6133705660196338,-0.23983821914918652,-0.8146707744814079,0.30092777544778465,0.4287464628562721,0.4187080494829628,0.09977137516695528,-0.40613846605344767,0.18477831855675925,0.33688521112336417,0.0767597863003216,0.0,0.9353912271846113,0.0,0.669453153851559,0.3507246963695026,0.34462682186959165,0.003881075835760514,0.09632419486019064,0.2820561417636097,0.2370940290385204,0.19675024288173132,0.2994718910120452,0.35488672049383807,0.14625547832243482,0.6091962235820036,0.24050960609076588,0.5452703960557622,-0.3624949036073356,-0.31609717432594286,0.5440080697772265,0.186542025356376,0.277772614321503,0.5025446705092943,-0.028063279426608044,0.4974940219782536,0.3285663538908992,-0.30715242748769195,0.4724995575324397,-0.34875262767842463,0.5023915523925301,0.20564647085091664,0.581114969744469,-1.0,0.3956342361544006,-1.0,0.8221502729842072,-0.6366188497835392,0.8670888436639684,0.1563890784715714,0.0,0.47874325718490923,0.221089393200983,0.40108647336843695,0.6732437044189563,0.7226073020035084,0.7764395856373433,0.550492183684633,-0.019694383311429926,,,,,,,,,,,,,,,,,,,,,,,
1,0.0,0.885291550915951,0.6490234475759894,0.9530306398681329,1.0000000000000002,1.0,0.8882963133422417,1.0,-0.8097498427772016,1.0,0.0,-1.0,1.0,0.8164965809277259,1.0,-0.6995586032508211,0.010848592910714591,1.0,1.0,-0.16904685812984852,1.0,1.0,1.0,1.0,-0.4803146228655842,0.2495186485911952,-0.2384567149772897,0.0,0.0,0.0,-1.0,0.9681239277946442,-0.6246950475544246,-0.34629258416566466,1.0,0.9999999999999998,0.7630456721058037,0.36351319560507805,-0.15938729042984634,-0.5,0.18313351883531295,-0.5890920370328414,0.20943849619855803,1.0,1.0,-1.0,0.9191450300180579,-0.2591285660873499,0.0,0.4405705356495404,0.7633862853691143,1.0000000000000002,0.8834522085987724,-0.16361588192856413,1.0,1.0,-0.06545212705054967,0.88856518224681,0.8068820382478457,1.0,0.3866544466698503,0.0,0.8409963298313723,0.0,1.0,0.3848007689659531,0.0,1.0,1.0,0.972956217955266,0.7761140001162654,0.788723006725099,-1.0,-1.0,1.0,,,,,,,,,,,,,,,,,,,,,,,,
1,-1.0,0.08323660285922561,-0.722783278719264,0.0,0.33796576608444495,0.9875100813479215,0.7800648206925627,-0.9131378824375112,-0.4274437631758025,0.0,0.2387238844283404,0.7143524243675745,0.25819888974716115,0.40077908211005203,0.5873778556561438,-0.010083643655184986,0.06614765177545068,0.0,0.392716446711217,0.44826243834092117,-0.4745092768790623,0.0,1.0,0.5086889343895763,0.8691178849020778,0.06880209161537781,0.0,0.154987054622459,0.0,0.0708027460496434,0.7428908536265592,0.2626060509703849,0.6794672931426992,0.0,-1.0,0.4533445394927356,0.6110458970479635,0.7179211779899266,0.0,0.14300315086870072,0.4640069946705575,0.1708950574615732,0.9846434366618573,1.0,0.9860587707771213,0.6520556683467206,1.0,1.0,-0.5515405393522129,0.5965972912844065,0.0,-0.15110540512868886,-1.0,0.9985000395281759,0.6282856595755938,0.2294449031637895,-1.0,0.010714633503599977,0.0,0.6726915834767423,0.0,0.0,1.0,0.0,0.706754547328948,0.0,-0.28203592903397356,0.3473397223871945,1.0,0.13153123595837737,1.0,0.14043207853852321,0.21991603425901698,-0.28242235698663826,,,,,,,,,,,,,,,,,,,,,,,,,
1,0.04637361903988128,0.18101729945205858,0.9576732926035413,0.23507883626731094,0.5259544363833367,0.3567974448977354,-0.31616722253036855,0.06662771367260871,0.4061216128183628,0.30634823248040993,-0.032678217636211156,0.12817527791620056,0.2881991433578542,0.4353349027678588,0.14518379784418736,-0.02563575969027224,0.841511860464289,0.3109852857888185,0.35120383002915834,0.6087422120443151,0.06678221349219694,-0.44956605238759406,-0.05883252648706505,-0.10156749938652632,-0.2616001554239815,0.0,0.8192137384086403,-0.05454707655412532,0.5171269009573353,0.2987194323323063,0.009488978504405794,0.033613881501606255,0.4832822644969583,-0.24574911036850436,0.31341970257063917,0.4784552143664034,0.24206164251292023,0.0,-0.23184606531575264,0.7394554396993547,0.12734817616604738,-0.17672807170176572,-0.0147485023067768,-0.33491831712638404,0.25655477928812076,-0.1304397006439632,0.11047075588178279,-0.02301659492385508,-0.047154646242620765,0.8510603014007547,0.29586425257356996,0.11858073530984228,-0.5727829633706987,-0.24849452142308895,0.32399308469420723,-0.48807648424218175,0.1399226603077741,0.6959393587908023,-0.17069682238163714,0.8024303734608874,-1.0,-0.5456242990730354,0.8741455012487968,-0.055804157592503525,-0.5505342777351818,0.4529525364477494,0.6370424704758566,0.06439716756273786,-0.070501231761612,-0.2316661873125235,0.10428401850668362,-1.0,0.011261828569051698,,,,,,,,,,,,,,,,,,,,,,,,,,
1,0.12197840115998224,-0.23510063368665624,-0.7159028223331275,0.10751034328839307,0.21627843158290447,0.07006070066651099,0.20061647312221106,0.1876679345118214,0.4167179377661098,0.1481526366797038,0.2449459190689936,0.19433070123147583,-0.011941719449228528,0.16398139295631917,-0.0014998429141993648,-0.059963509108434725,0.21251569703042547,0.4722169844803025,0.1420461353351777,0.33239722700291696,0.0796339287945664,0.14734079389103077,0.26695904187258185,-0.10368920930678142,0.0,0.15281332978068868,0.15663004137396874,-0.009511686371390632,0.22685064322292037,0.1984118092053999,-0.12242061504169431,0.4590747275808385,0.2667524368325718,0.28886025296847345,-0.00925012695626804,0.17092894330894037,-0.12904507763312717,0.19638879810669768,0.22344526790589328,0.04668427282786089,0.1562244098601808,0.4625035508085838,-0.08998228441052532,0.47546932491761285,0.16408329488436585,0.11786509914339163,0.11943210006779623,0.376588737194305,0.02730663857324899,-0.0923187862575936,0.16219662043269756,0.22053699137445565,0.34359178964337017,-0.08580895512705645,0.06475184742326749,0.13623170398329804,-0.8679802024050128,0.2036733630458001,0.7384854939281258,0.4061344402319614,0.21597255127034284,0.58551206089955,0.2548106281474991,0.0,0.38771183693637695,0.42244434504625206,0.3902948452462718,0.0472583736110431,0.40204673539943836,-0.6336632661867442,0.19826579702518926,-0.18295497057762233,,,,,,,,,,,,,,,,,,,,,,,,,,,
1,1.0,0.22728653096238985,-0.1145674193686304,0.2642521427622584,0.9685329829200906,-0.5128278468789731,0.7539754926536472,-0.5914703623280558,-0.1321716913831137,-0.8102361443122678,-0.17275815525714427,-0.3269119734325311,0.030397569751447202,0.5269654027325682,1.0,0.4258984773888032,-0.8099620494833888,0.4007302542655426,1.0,0.04916940839477889,0.5523633026294736,0.6346039825388304,0.05382346627404851,0.0,0.5928748713461529,0.0,0.4283285787193792,0.6016704084160983,-0.41011939238339384,0.49084586937611857,0.8030815436147705,0.3129496378174247,0.24416049021767924,0.05514815515274328,-0.038841084341845244,0.0,0.1836480733520749,0.3782239155335485,0.33377423232314535,0.09188841704827574,0.2523086998986566,-1.0000000000000002,0.16678379893156053,0.44500563686872524,0.590110755828221,0.29043796487496626,-0.36429576290246896,0.9348621457092937,0.1609934203450894,-0.2782450143841467,-0.011377244222838156,-0.3989624992875177,0.4244636355387177,0.7739967368235974,0.23397492917718204,0.0,-0.042800506012285466,-1.0,0.21987916871067972,0.0320803610326268,1.0,-0.07400715562880822,0.0,0.5226328169611738,-0.020802757611410216,0.5443390587361091,0.08849577866266081,0.5674888772885825,0.31295834392744676,-0.11285185138915801,0.4950570118533045,,,,,,,,,,,,,,,,,,,,,,,,,,,,
1,0.2660407292976527,0.33773809948034056,0.4529118086211373,-0.27743317360807473,0.0,1.0,-1.0,1.0,0.07238114933672915,0.8261115791557486,0.27216552697590846,0.518183659743954,-0.6316399975983134,1.0,0.49415279928316574,0.7071067811865475,1.0,1.0,-0.5735393346764045,-0.4109933561557658,-0.469744767612441,-0.05760487719995638,0.0,0.3407331378181912,0.0,-0.14002800840280047,0.02749542224391703,0.4002933205550559,-0.4398695069397311,1.0,0.9377279172163933,0.7624005123556246,0.41926913989729525,0.41282205806543554,0.39036002917941265,-0.09356199604369542,-0.28818187050282046,0.37830508724235484,0.8070135025765168,0.8715755371245495,-0.24000768036865977,0.4704985364757705,-1.0,0.0,0.09872953207949482,0.2625753018992641,0.9999999999999999,-0.2258882071147503,0.19823759819195388,0.013061577010251334,-0.8137288591398095,0.13074190309438014,0.36474326761567977,0.18937695074440383,0.0,0.7184212081070995,0.0,1.0,0.0,1.0,-0.11871570157941998,0.0,0.6255859534140757,0.14041306036812135,-0.09581701212508861,-0.09305042296495886,0.9999999999999998,0.32782557237286625,1.0,0.0,,,,,,,,,,,,,,,,,,,,,,,,,,,,,
1,0.4135367823721506,0.15088588839363587,-0.36492239052733755,1.0,0.26962992551997084,-0.6464893825279612,0.1385410844472113,-0.3171708129041289,0.06266758847346825,0.2487628996568202,-0.1448330051290922,-0.12260404434155868,-0.23300550986498875,0.23980632985907466,0.7701925722175913,0.7099611825133283,-0.03224129401095886,-0.7657048647896112,-0.29002912796707214,-0.01519208456221166,0.4295577091195323,0.0,-0.5144957554275266,0.0,-0.44885911651112903,0.13263132716102227,0.623967590752154,0.017528651075396057,1.0,1.0,0.4811419708200644,0.12064714900357937,-0.15625984118678934,-0.7612432304867113,-0.056129964333846184,0.2460581310626337,0.35992079048056,1.0,-0.6375018598043796,0.2896112656294741,0.016860471629635283,1.0,0.0,0.5658502968704363,-0.08045989578537972,1.0,0.31874260605660765,-0.12789044012431572,0.060916063352373116,0.1958601775382435,-0.19472931289330134,-0.2659745924191321,-0.05799715333305776,-1.0,0.3065349816664261,-1.0,0.0,-0.0757297859956119,-0.43465940533007735,0.15543854145181416,0.0,-0.718685396640102,0.6055853570873596,-0.15971609523852354,0.39575838748732506,-1.0,0.3388676938970142,0.11532041401992435,-0.08364350105712483,,,,,,,,,,,,,,,,,,,,,,,,,,,,,,
1,0.2705825490606146,-0.0878729539238468,0.34799140642723597,0.8127747920017455,0.308489004993068,0.40353936769152593,0.5250157630789238,0.31386599001652987,0.5213346305333798,0.35556971377504526,-0.15100428112190986,0.3872426164026747,0.440900570113962,0.1599099309069734,-0.020146246470992304,0.6713562403751464,-0.5572190023617755,0.4831299051557403,0.37130582038325427,-0.4420422787117027,0.0,0.5106487571992598,0.0,0.23624908532526542,0.46345549430430644,0.3441005386952328,0.12076692920483059,-0.032491398188558535,0.7608947608029816,0.4008630038919483,0.5077354924025644,0.2106045500390064,-0.7003546310192852,-0.046934792804777054,0.8817024469724244,0.15273293102737662,0.7462146697252257,0.608293548220285,-0.3655427691998804,0.8684582211564794,-0.9711727237628611,0.8903935370527021,0.820326583553366,0.6744552571892748,0.888296313342242,0.374674668843861,0.4675173179993787,0.7266606397288459,0.2358308426490557,0.3751991514716254,0.35809562657822697,0.3724505248609351,-0.40405298199925777,0.5389074874390124,1.0,0.9806262388009722,0.11220085533320043,0.44549678190228886,0.3684070160852601,0.9271100657041542,0.5560467409531613,0.5589192440959668,0.671764735287387,0.7547424994773095,1.0,0.6529909860948347,-0.015692591212084543,-0.28852124655424166,,,,,,,,,,,,,,,,,,,,,,,,,,,,,,,
1,-0.2505107964229573,0.11352021188641635,0.35085378440164916,0.2662752356082413,0.06743354580801597,0.23960493262192728,0.01494868594189939,-0.20216848071998647,0.20545111592070828,-0.15558620197522557,0.1921271959863711,0.47224468106600304,0.6049734193877003,0.3457032621631921,0.3608039612376936,0.15023882731247643,0.1028277502993744,0.13781967278811033,0.8676984203397111,0.0,0.3730682431861272,-0.11901105413644396,0.5396603376295167,0.2944481033423121,0.14668278361830966,-0.1816526864327268,0.08274020375205197,0.3246751682773984,0.6997628770312762,0.279567420410155,0.26442386263139983,0.12162309007388283,0.1660792041431386,0.6776141524587855,0.1275055187220701,0.682681761963724,0.5186700359467875,-0.10551964411007166,0.6237297739713192,0.6175783777398991,0.08511888903353822,-0.7871824726366451,-0.009962271287806733,0.9999999999999998,0.07812783999883599,0.18485881790325986,0.7133522136121907,-0.12920782788925558,0.17775355083320157,0.4877642279024688,0.3888272994547783,0.2334527355770977,0.14107934679468703,0.0,0.5442018090998118,-0.2908394953675548,0.37123061054551143,0.13896228933182245,-0.43115747229561585,0.23134332364423346,-0.013735579064336534,0.6313169066135849,0.032891853685089484,1.0,0.47935046004875687,0.687803563643521,0.3096735054452598,,,,,,,,,,,,,,,,,,,,,,,,,,,,,,,,
1,0.0,1.0,-1.0000000000000002,-0.5265614494879464,-0.38924655678020914,-0.07178970338629542,0.07269999642206529,0.05537299836554612,0.21003153348211795,0.9952524823498397,0.2826925578434776,-0.9464481134350309,0.09623961202329194,-0.4389605807448672,0.2076191111029785,0.2110472166466853,0.10757501515313478,0.3197993998753876,0.0,0.28384763751602105,0.0,0.14861239996756914,-0.22585944046851872,0.09709692665458992,0.46046438908371906,1.0,-0.024521651138900185,-0.1624610059430614,0.2030988913666508,0.058133448595309827,0.3240111150679402,-0.06868350114165322,0.7886471009504512,0.29100419639088815,-0.19423599731695027,0.517259693615868,-0.6284123142463764,-0.13434245271058406,0.36818890076483507,0.22141699441664608,0.05404351253361262,0.007957848775124973,-0.19207466479865756,-0.03377450297556452,0.09629329327060426,0.0366842053309524,-0.3116281314591604,-0.16322536932122178,-0.3312600445619429,0.07171413309433014,1.0,0.4087611635318908,1.0,-0.11469271188606553,-0.0834617203646563,1.0,0.28364389677529106,0.0,-0.36460705752623257,0.08607323096855606,-0.06006833417431605,0.2897940699782607,0.2862738103085043,-0.029454600772457644,0.035793875416640884,0.04087904752378745,,,,,,,,,,,,,,,,,,,,,,,,,,,,,,,,,
1,0.0,-0.2944620662615432,0.4408739267487568,0.9954954725939522,0.4532115021425571,-0.9783005684253148,0.6078680317889946,0.195966971428448,0.0,-0.07634860334823239,0.18080834666456383,0.7737398142565995,0.0,0.0,0.0,-0.3290675544941207,-1.0,0.0,-0.5537907019321707,0.0,-0.3390661827355991,-0.20956838819611262,-0.14845580607316763,0.0,-1.0,0.48094157811544674,0.0,0.530518013144262,-0.35358028557459814,0.0,0.5595457896992381,0.0,-0.44774889208519064,1.0,-1.0,1.0,-1.2897188053473871e-15,-1.0,0.0,-1.0,0.0,0.0,-0.2676438637860945,0.0,-0.08789381029635861,0.19885905028983444,-0.3019171222149672,-1.0,0.12013231343894669,0.0,-0.08662961636484237,-1.0,1.0,1.0,0.0,0.25276994347469023,0.0,-0.0004875114798499598,0.21768781202898138,1.0,1.0,0.0,0.0,0.2607770865484774,0.07888754758704647,,,,,,,,,,,,,,,,,,,,,,,,,,,,,,,,,,
1,-1.0,0.951643061480929,-0.5583427492901522,1.0,0.2552363258984743,-0.033099686222595175,-0.9697558395344767,0.0,0.39027679234935486,0.8420323756982735,1.0,0.7498378553650925,-1.0,-0.21540315498784576,-0.01217102389638845,0.8661855860486003,0.0,1.0,0.0,-0.2139743197687807,0.60511199095766,-0.05774579677171845,-0.1393091360874075,1.0,0.765042340362414,-0.3282283584946148,-0.0502415260813399,0.32622153678693117,0.0,0.13125189673177576,0.9901668911235615,0.18019518356647868,1.0,0.0267165842572632,0.0,1.0,0.3133027550959424,-0.18355033393083245,0.532996196353391,-0.2102213948046603,0.0,0.9779314165084809,-0.422885465331124,0.3832222554416585,1.0,-0.04913714441542692,0.433701382731926,0.10536770321787775,0.09345205168127142,1.0,0.0,0.26309882825549324,-0.31005336026637803,-0.9999999999999999,0.025056259669084133,-1.0,0.17080368775979082,1.0,0.013063690195494292,0.7968477174110252,1.0,0.4916227356242018,0.9404117494129427,-0.5507349712092984,,,,,,,,,,,,,,,,,,,,,,,,,,,,,,,,,,,
1,-0.01984326715550816,0.6389151433378875,0.18215597824322263,0.927197275328977,0.22587413133137907,-0.10562763451667148,1.0,0.4118893523599395,-0.2155653067796134,-0.4060627941947702,0.0,1.0,0.44479401381937844,0.2673302723576126,-0.7915922054915927,0.0,0.15590673253079748,0.0,0.2627680929418383,-0.12943047715939004,0.23191200292259295,1.0,-1.0,-0.20589388840706882,-0.13497752044328118,0.45547242021632095,0.3343589686299373,0.0,0.3022403026611993,0.37463432463267693,-0.14513899649133066,0.7365729391883269,-0.5895944635069792,0.9713990064967776,-0.16599789545870827,-1.0,1.0,-1.0,0.6780739358217577,0.0,-0.017681206124583574,1.0,0.22064375854226162,-0.13997989091187363,-0.008206945280924704,-0.9860205502871168,0.4206263596181056,0.0,-0.1028991510855059,1.0,-1.0,1.0,1.0,0.2176045906306474,0.0,-0.04983830053747545,0.1443381990089834,0.0,0.8551861104941364,1.0,0.27504258492488554,-0.08006010812781698,0.2965587775894232,,,,,,,,,,,,,,,,,,,,,,,,,,,,,,,,,,,,
1,0.26519464221311073,0.20065479045263082,0.17066237307337417,0.14168386442785938,-0.10054648725877592,0.6773706351042792,0.28411307947798137,0.1749961072212563,0.30494373454929813,-0.9544360843755862,-0.25274025224063024,0.16688759844115647,0.11436074229061692,-0.14408765649998115,0.0,0.15869365510918895,0.0,0.0821196557386203,0.4892177259903679,0.36049570032299505,-0.24529145527132512,0.3737241106902436,0.4788754315562981,-0.009272171939592549,0.38685091833335655,0.035835172009304535,0.0,0.2198988706422611,0.4297471900655251,-0.06366103883590545,0.6130556457777422,-0.04936968372302472,0.29025920277490164,0.5985800592886769,-1.0,0.6643797737196053,0.19989955547328864,-0.0007269301295370787,0.0,0.21762488322037776,0.3145102112119549,0.491706183699645,0.6358947267353574,0.11840952593283789,0.5275711695988065,0.3001611568188376,1.0,0.5120219550717808,0.0,0.7975343758470803,0.057468583498562355,-1.0,0.08232585269939956,0.0,-0.009864344361372152,0.42202823441155396,0.6892748177781078,0.539229440441186,-0.5214500094539746,0.5186145912923665,0.006520657128602135,-0.16935890914562218,,,,,,,,,,,,,,,,,,,,,,,,,,,,,,,,,,,,,
1,0.6332058203758193,0.02372769740905822,0.3617748625708742,-0.49281204633763154,1.0,0.2309019620100642,0.47140452079103173,-0.423712107899321,0.1289810592962986,0.2886751345948129,0.014315140883575375,0.5068437264194269,-0.04354519410728557,0.0,0.44547683711176356,1.0,0.05026364476652764,-0.018900839864726023,-0.2677705181699637,-0.08700614108472475,-0.4472135954999578,0.4876142650274713,0.490138803005287,0.14677113430413632,0.2673886349973868,0.0,0.3252574155213291,-0.27854300726557774,0.12882191806407284,0.5845485444803159,-0.033709993123161974,-0.5393193716300061,0.5941759110223067,-0.21288157832765006,0.10880544095880185,-0.025424038941280216,0.5709140125976558,0.8944271909999159,0.08924777686556713,0.3899373524452345,0.46063740231167943,-0.3598391566098876,0.2913044103770838,-0.0557800601039658,0.2915073304059641,-1.0,0.6888467201936644,0.045407660918649825,0.8479983040050882,0.0977745084573391,0.7612432304867115,0.29067544207526896,1.0,0.7612356654789348,0.0,0.18677808721916173,0.2978620970769848,0.7745966692414834,0.5605791116090285,0.7047128659809614,0.05153026948883349,,,,,,,,,,,,,,,,,,,,,,,,,,,,,,,,,,,,,,
1,0.2772537490592395,0.3492307337785081,-0.03957410591267872,-0.9966067539829098,-0.1320914051316795,0.19724009509956597,0.660677567758836,0.447639374988748,-0.8261115791557486,0.6010097601180623,-0.17687965174936193,0.2874717523728849,0.0,0.3445971494701173,1.0,-0.1498553362166042,0.25535472935987563,0.1495524030179527,-0.30171621858216163,0.6577791011412756,0.5015136452864722,-0.1805986030345397,0.51839198682668,0.3015255114809451,0.0,0.4583412066440672,1.0,-0.13226592573534782,1.0,0.373889866596218,0.19577881525588015,0.2845060318996258,-0.4627137890387863,0.825923749036717,0.1683312894663388,0.20978788122288233,0.0,0.5443871734163609,-0.2269306972404181,0.12889851978223824,0.23724932167626323,-0.2845589924569635,0.659062123953128,0.49908382116192046,0.7109488642313366,0.5888641098951156,-0.9421026317177148,0.9374252720097654,-0.5676566034952463,-0.07387168551531219,0.3338984273920598,0.4534572437205528,-0.13149408028278048,0.33349064054117183,-1.0,0.050810277002178134,0.0,-0.3680484510073783,0.21986182039120702,0.2662660545548187,,,,,,,,,,,,,,,,,,,,,,,,,,,,,,,,,,,,,,,
1,-0.19012717385715053,0.17708396014130198,0.0,0.01931461805429985,-0.20793950710627926,-0.5105904890500003,-0.9486720890322269,0.0658458895262152,0.1567781028213342,-0.25764095102488105,-0.6741888908502818,0.0,-0.22280312057011542,-1.0,-0.07417962397895803,-0.30528619964719234,0.4085544473006765,0.05492432900411516,0.8768124086713192,-0.3854529894866342,-0.015227658693113339,0.02012139372325492,0.09552940708430678,0.308061618486162,0.04771728804789603,0.23523027931748583,-0.18589932805464032,-0.06486748075683554,0.26192345065898853,-1.0,0.18924992317465586,0.28471225789242177,0.257589306531368,-0.16227539803958196,0.005151495401088859,-0.6283462070274827,-0.31967701974825613,-0.1642733009764629,-0.16433380607352047,0.8594054115655928,-0.2809311583803011,-0.11168605983156246,0.30971493225770147,-0.17282855588636478,-0.17300279405009297,0.34894118980194583,-0.05095486655323903,0.05108241600752361,1.0,-0.06871665829070371,0.0,-0.30233334215405355,0.08934189671046923,-0.17614419533105463,-0.31209612573293843,-0.28860559747857584,-0.04072439461872981,-0.04330957281629322,-0.057057620598395635,,,,,,,,,,,,,,,,,,,,,,,,,,,,,,,,,,,,,,,,
1,0.00353827329316335,0.3917254575143441,0.36200286203600696,0.04591759589626803,0.1816408367091849,0.45324271183450443,0.24767234524955384,0.3020811945232979,0.17169546522028412,0.04451155790474495,0.0,0.5327335570340983,0.0799653614923742,0.12700274534735825,0.3234758918575238,0.2693260118740397,-0.07768175196359195,0.4477812873614332,0.05741369364238068,0.5516305309053134,0.04125795326648949,0.1906032946956541,-0.07875845213918328,0.21981430365780277,0.40236549705673685,0.14928211927013452,0.6371396339746421,0.42392371523091227,-0.18579374471155957,0.49627546134412387,-0.5293027753094424,-0.0030411282913821165,-0.23476898703229465,0.552124410885935,0.5716869134600927,0.20416782070142314,0.06400871286057612,0.27240302170427333,-0.1449579409670893,0.2013306172997339,0.4686236807307564,0.31069620198351083,0.40799271401337345,0.4392350087483455,0.0,0.33480649757890074,-0.16502264060952992,0.398056787170831,0.1933827671820246,0.8789406243409326,0.34891986424919197,-0.09319403743864324,0.368458602485789,0.10980651792212609,0.16913001092326208,0.16066977692825785,0.053200901202989585,0.2892347982322915,,,,,,,,,,,,,,,,,,,,,,,,,,,,,,,,,,,,,,,,,
1,-0.9827550077111594,0.07916025737087808,0.20149289416302857,-0.11514900899486408,-0.03947710169758724,0.560515080145088,-0.7563508917186196,-0.11949117147385228,0.11373289053996113,0.0,-0.05836457086134128,0.0,-0.08937875621923012,-0.005538897131704467,0.03305568391619499,0.7041352082447895,-0.41496731318037583,0.4652939662721187,0.05765201177118202,0.07356706182687905,-0.16755204816108524,0.0,-0.3229324920963885,-0.596617395563655,-0.1968416251605986,-0.8959369660854926,-0.9567624820644466,0.3653447370465731,-0.039282163651895435,-0.46271378903878624,-0.4107241342068755,0.1930325894783601,-0.4876577660979815,0.0,-0.2879045201494711,0.06849596156637673,-0.6203264112042969,0.18432486945913765,-0.3167570464831919,-0.28812335072271883,-0.11697945408358819,0.0,0.18991661975891386,-0.6709133239691265,-1.0,-0.5247244868673223,-0.5991885877231635,-0.036365541079016066,1.0,-0.03959464829942807,-0.03769366927828739,0.10293839378471886,-0.1082365701319282,1.0,0.13957862836449778,-0.22100156703781107,-0.004927692934279204,,,,,,,,,,,,,,,,,,,,,,,,,,,,,,,,,,,,,,,,,,
1,0.4988175277747786,-1.0,0.0944920847145549,1.0,0.0,0.8630144693469344,0.39759810829752124,0.26999099194421006,0.0,1.0,1.0,0.09676597406065199,0.4533874294996415,0.3131307613202921,-0.6983632384794479,1.0,0.0,0.7203541007990011,0.5900799787645709,-0.14266901569669216,0.0,-0.500161753836729,0.0,0.3738328047690659,1.0000000000000002,0.9165393783696334,-0.32578207227632616,0.8231333055127726,-0.9957353971412816,0.0,1.0,0.8035967938601342,1.0000000000000002,0.3202398854730146,0.9996267146262733,-1.0,0.0,0.33167011222030973,0.0,0.27284558860947483,1.0,0.43825842146943,0.0,1.0,0.4828968236445229,0.41517266160636523,0.06279876290036246,0.0,0.21722836331067405,-1.0,0.6727323590296684,0.6090969801394329,1.0,-1.0,0.0,-0.3633851159538763,,,,,,,,,,,,,,,,,,,,,,,,,,,,,,,,,,,,,,,,,,,
1,0.23465331606597065,0.2944841319002207,0.28229196466164214,0.17284229197176332,-0.0349460820551605,-0.022840298467912478,0.14606401458245277,0.0,0.28157807933428824,0.4608442801941555,0.40267823910274975,0.3457970171098159,0.253634720486646,-0.09511398559412639,0.18609393728940793,0.4276016561225096,0.08953681823160843,0.09984404565771168,0.12309491993158334,0.469038425611205,0.2907207287812004,0.016677689104591033,0.2464891863982284,0.19876588115976065,-0.06533097856223576,-0.13104932395454358,0.6361880931638606,-0.0657973727422579,0.37793928744124117,0.24044301070493998,0.4324771569865201,0.449320227851824,0.4036152345366669,0.3297604655281445,0.07081393052397465,0.025898117189638085,0.1763409623841851,0.271137723619739,0.46341617221402287,0.14833764706997035,0.2529793799726804,0.6948269591627183,0.83907449912529,0.0782603560746821,0.2389842122983834,0.26756982045861216,0.7164302066971345,0.3962140527984311,0.5649586000771867,-0.025120567364827758,0.48824497304475734,0.5668185906505006,0.3178719794498203,0.7003448517843893,-0.09325358123982759,,,,,,,,,,,,,,,,,,,,,,,,,,,,,,,,,,,,,,,,,,,,
1,-0.1171940096170642,0.0,-0.7071067811865475,-0.036423890980543404,0.5133086972106546,0.816496580927726,0.0,0.15884102318141183,0.0,-0.03687822639312305,0.536606516061148,0.12539040476211957,-0.07099579925268572,-0.8944271909999159,-0.21244194253340914,0.8523386378209598,0.19969244237531308,0.3233394240271522,0.0,-0.004765649320973369,0.0,0.2059486164417424,0.8164965809277259,0.0,0.8111071056538126,0.5657789498610035,1.0,0.0,0.4433547360980982,-0.7329123899477203,0.0,-0.1684436584682964,-1.0,0.6207107056007808,0.31473774584336806,-0.13955878896194696,0.24988363919529688,0.27018188409592636,0.0,0.23973165074269204,0.0,0.7071067811865476,-0.5264515295989253,-0.997630328422983,0.3444448217035424,0.0,0.1667040124702937,0.4171874191939398,0.7071067811865476,0.4791217568510204,1.0,-0.06614607955536354,0.19550935819060497,-0.4232234840270928,,,,,,,,,,,,,,,,,,,,,,,,,,,,,,,,,,,,,,,,,,,,,
1,-0.8343565279561803,-0.06688581662469568,0.03438371745570988,-0.27219976201900936,0.5818747717244458,0.0,0.37284420580423877,-1.0,0.2784394461996104,-0.17669156496986566,0.4871643400535514,0.7273390678687087,0.7099637431845498,0.09657497356372939,0.31344853240111986,0.08582948060630922,0.05977400302573662,0.31484481188768393,0.3560248531564351,0.48841649314792634,-0.07651814496737595,-0.03868759004216292,-0.4685490165286873,1.0,0.12781361441161815,-0.10690565838005499,-0.20741445971023192,-0.8472594236005071,-0.3163203757181664,0.9739526345483962,0.10441114857262815,0.8030029961871015,-0.4094964913338891,-0.5436103670875636,-0.13271277980741855,0.708964303971639,0.10214064473537735,0.0,0.13709618060398954,0.0,0.17356890971758748,-0.09017201290679944,1.0,-0.23330355383861037,1.0,0.1866449993794074,0.3026457773161965,0.36345761869256404,-0.20719095375436583,-0.4587505538381724,0.5893789619135301,0.779011685262919,-0.21481645530917576,,,,,,,,,,,,,,,,,,,,,,,,,,,,,,,,,,,,,,,,,,,,,,
1,1.0,-0.9322165689222672,-0.1005543449425282,1.0,0.0,0.0,0.0,0.0,0.0929883023467027,-0.8534898438487974,-0.7180837040664315,1.0,1.0,0.13822539408272433,-0.01861323518929382,-0.26993859997001984,0.0,-0.03332740613956438,0.5354633711929278,-0.03860055529288895,-0.10393803080289107,-1.0,-0.03224129401095885,0.8198761507878414,-0.7103747724236711,-1.0,-0.7306222999099219,-0.04681231720014041,0.6954214275160551,-0.3816435604183795,0.5595923693125138,0.38632406136390673,0.0,0.1531484550422638,-0.6776660219336826,-1.0,-1.0,0.7077660587846771,1.0,-0.9934885305955631,0.20631076718227928,0.6807518603542398,0.09574409800167692,0.0,0.7020452437562554,0.0,0.5985349118995549,0.1744331295633074,-0.21492807586712379,-1.0,-1.0,-0.37018381602349637,,,,,,,,,,,,,,,,,,,,,,,,,,,,,,,,,,,,,,,,,,,,,,,
1,0.23602333479418244,-0.22237500363183435,-0.33333333333333337,0.0,-0.8035426683830501,0.0,-0.7465711460409025,0.5781813481705572,-0.31407323510849255,0.09837355803404665,0.5144957554275265,-0.943156046164415,0.07351682809001411,-0.2254302130380308,-0.0950897335332516,0.0,-0.07936408282053943,-0.039307306924825126,-0.04244395943738972,0.0,0.6195855517393627,0.0,0.05822225097395831,0.28291340758408556,0.0,-0.9152772048609817,0.5494884083485367,1.0,0.0,0.26624385216762836,-0.46349752669999844,0.21259760138109343,-0.5132515134148893,-0.3503519378820462,-0.16395750627872407,1.0,-0.38095238095238093,0.0,-0.7633862853691142,0.20643034038117597,0.0,0.3624559604630753,0.0,0.2525373829764384,-0.8090070274151487,0.8484091652868931,0.058415701250509586,1.0,-0.9422146902791405,-1.0,-0.33333333333333337,,,,,,,,,,,,,,,,,,,,,,,,,,,,,,,,,,,,,,,,,,,,,,,,
1,0.002484170884468635,-0.36414473325047814,0.0,0.10798706480083844,0.0,0.20920462343085525,0.4093196791150745,0.19038913290121365,0.7480250803787913,0.5120434705273006,0.4477854900040556,0.5504989728464028,0.2112741552221233,0.09343977262566903,-0.6638017821571469,0.2449477788783733,-0.010829252853053679,-0.29919439397560516,0.4529323224509555,0.710968598468569,-0.7906845821114467,0.08858233390878903,0.29757185270261705,0.7108523383541305,-0.028846389097283816,0.4182622426474024,-0.40368476426124356,-0.23521723864195457,0.429989420923247,-0.09569953802163199,-0.11355093888204455,0.11464202518106965,0.14986810146390844,0.3423482788665552,1.0,-0.24401672295271404,1.0000000000000002,0.828516774147022,-0.05374720115802073,0.844370203933286,0.26490150331869705,0.1587964885511547,-0.07538241827462511,0.1203667111774997,0.5418559382364507,-0.011273141805474243,-0.4782694041674164,-0.32492837335793684,0.48463711111820507,-0.4322570446735992,,,,,,,,,,,,,,,,,,,,,,,,,,,,,,,,,,,,,,,,,,,,,,,,,
1,-0.8840365431526986,0.0,0.633446667594683,0.4196482864815247,0.29391026004121745,0.3471768536387324,0.031004588402085444,-0.03911386233841531,-0.6246920514516567,0.6174524883362963,0.22763284967912228,0.04327703537737835,0.049270469221214204,0.0,0.30090547884683283,-0.17080273844626803,0.024784599160084273,0.10013452143087996,0.08179103054206134,-0.8908380004971242,0.38233324111355715,-0.04077737249162311,-0.11047895213461477,0.5834801600130904,0.05462460695389439,-0.11159231907773574,0.1500100053538501,0.26006960170264276,-0.019074098412447643,0.8014347869796941,-0.087050540481224,0.25030672733069614,0.07311881232356517,-0.7508472481911382,0.7047145392370293,1.0,0.5770054403806814,-0.11441780620126238,0.43578319309897995,0.2306745024823088,0.6267163866748068,0.2449726149761211,0.6301784886617977,0.2209541678731818,0.547653293791135,-0.15425230328173803,0.6324398059968083,-0.26522381763937247,-0.37508024110836735,,,,,,,,,,,,,,,,,,,,,,,,,,,,,,,,,,,,,,,,,,,,,,,,,,
1,0.0,0.6817946598673036,0.0,0.8120153713427135,-0.27867633876327286,0.20715916563778494,-0.48771247666398243,1.0,0.29583415184154993,0.035314567669699225,-0.29786424871810785,0.02912879147261487,-0.05230657809659389,0.33581878587057395,-0.34080125479730167,-0.048774122708609126,0.019730512277140594,0.23510781685577817,-0.26999099194421,-0.009840262441986691,0.9047626100306079,-1.0,-0.7263936347160675,-0.5177635518435316,0.07662403319959854,-0.22182269116215136,-0.4114899694148047,0.7343981785850922,-0.7403044450438003,-0.0662471771528739,0.007240950521116467,0.03921026820247593,-1.0,0.017464775474423263,0.0,0.8494304768433169,-0.7142439910654652,-1.0,-0.3227772876769348,0.0,-0.20668868112581787,0.46244780920397655,-0.4544292132681011,-0.5078280578886614,0.7851796405558772,-0.39182129298009294,-0.06880209161537788,-0.2860270845634418,,,,,,,,,,,,,,,,,,,,,,,,,,,,,,,,,,,,,,,,,,,,,,,,,,,
1,0.0,0.0,0.0,0.0,0.0,0.0,0.0,0.0,0.0,0.0,0.0,0.0,0.0,0.0,0.0,0.0,0.0,0.0,0.0,0.0,0.0,0.0,0.0,0.0,0.0,0.0,0.0,0.0,0.0,0.0,0.0,0.0,0.0,0.0,0.0,0.0,0.0,0.0,0.0,0.0,0.0,0.0,0.0,0.0,0.0,0.0,0.0,,,,,,,,,,,,,,,,,,,,,,,,,,,,,,,,,,,,,,,,,,,,,,,,,,,,
1,0.0,0.5426437727929285,0.29500815571958955,0.16516069769780903,0.27379588255709975,0.4749326011233133,0.5426199655420514,0.5971704064960897,0.36705681526434536,0.6012404907293742,0.0,0.4178784024161385,0.760277009798613,0.4558242787397163,0.3650603623442467,-0.15151945098902161,0.34488074935770635,0.38018476510330274,0.46271378903878624,-0.9999999999999998,-0.08479328061073158,-0.1476261659068958,0.0,0.12332034459870311,-0.5105387541554361,0.9227466815514376,-0.14496169619203844,0.2687843833540048,0.9408436478280274,0.6596198122561234,0.0,0.412226990023727,0.0,0.6846754616640487,-0.7715085027339991,0.09035079029052555,0.24272485201739283,0.0,0.2669752368372225,0.1452035489939541,0.689274817778108,-0.9543624290600257,0.978936845367675,0.8568577997238107,0.6125575624402212,0.06793285402134053,,,,,,,,,,,,,,,,,,,,,,,,,,,,,,,,,,,,,,,,,,,,,,,,,,,,,
1,0.0,0.8483656745741041,1.0,-0.6689647316224496,0.0,1.0,1.0,0.7360784369323236,0.26383513517308477,0.0,0.49568758009667935,1.0,-0.43423469434256173,0.0,1.0,0.0,-0.4218245406095971,0.0,0.0,1.0,1.0,0.0,0.0,1.0,0.9650879640964738,0.0,1.0,0.0,1.0,-1.0,0.0,0.0,1.0,0.0,-1.0,0.6944030511267747,0.0,0.0,0.0,0.0,0.0,1.0,0.0,0.0,0.4457263972719923,,,,,,,,,,,,,,,,,,,,,,,,,,,,,,,,,,,,,,,,,,,,,,,,,,,,,,
1,0.4996086318941907,0.10619091541903826,-0.2359832189404892,1.0,0.47408086758598267,0.07765279852533896,-0.009293674521207298,0.4475770114462193,0.0,0.018860639418834316,0.6355454409578725,0.1908579159922926,-0.0080061420744831,-0.7458888243246027,-0.42413641086429515,0.10268262160230865,0.0,1.0,-0.41751877378298924,-0.28880480989377477,0.0,0.22690258602919186,0.7606382046736564,0.8120153713427134,-0.27887228829943195,0.33665151751293837,0.40630567184128763,0.4500557341566138,0.0,-0.46846448034474264,0.0,0.22485950669875882,-0.9943864069054175,0.0,0.1716146765371209,0.0,0.0782496850556323,0.06929147666554755,-0.9966065771076809,0.15074378022444362,1.0,0.13957862836449791,0.5358899431134497,-0.6385046802235725,,,,,,,,,,,,,,,,,,,,,,,,,,,,,,,,,,,,,,,,,,,,,,,,,,,,,,,
1,0.2508911953196399,0.24478617272655567,0.3813924553018985,0.20330050467631205,0.2665152283028458,0.4994011595049052,0.33828962775147514,-0.11175507235495563,0.2792217469993111,0.4928656622361411,0.15677038065987295,0.7070364276997383,-0.0795482979947859,0.3405763663815595,0.6938988450955054,0.32301729528143036,0.6321950190273156,0.2058666435948822,0.2480113100503693,0.9113705996586752,0.4599022567035347,0.14699995355519202,0.17104834235656347,0.44054917561585394,0.2572402476678097,0.3121910694776493,0.25480817515748255,0.404499722014843,0.2394813133132257,0.9027038655633641,0.25578926988065565,-0.30020613523345197,0.01380639535749997,0.4672778066010358,-0.06518768477956376,0.24978837028470754,0.3258136659551059,0.531141111419743,0.2530347205699582,0.43286773663905176,0.07521107320426869,0.4754437836342064,-0.31902649216655027,,,,,,,,,,,,,,,,,,,,,,,,,,,,,,,,,,,,,,,,,,,,,,,,,,,,,,,,
1,-0.08077415984306972,0.6001605874069725,0.7783090923553125,0.7727696559956773,0.03136496332287345,0.24976612817026947,0.0,0.33325196506670607,0.854796088383954,0.2600531182934044,0.8977744670594672,0.569725100625962,-0.13060228474405566,0.4698073102786206,-1.0,0.5854189600522991,0.22407862436996276,0.021003790737350626,0.0,0.10233420878761235,-0.15970648345310492,0.5013167154778273,0.2914560346946299,0.09072174695608523,0.7045284512629734,0.10626079810265153,1.0,0.29525504152011445,-1.0,0.5396833021362494,-0.4940917538405631,-0.3360640189072396,0.15239426328386704,-1.0,-0.06930477544933894,0.4397330753233499,-0.2940284461803089,0.4539076503926995,-1.0,-0.046823586298586156,0.23209443183366596,0.5587234954225708,,,,,,,,,,,,,,,,,,,,,,,,,,,,,,,,,,,,,,,,,,,,,,,,,,,,,,,,,
1,0.4929059259718232,0.858074164667203,-0.08375236749455303,0.1902809289869185,0.1901500440048484,0.0,0.09635891248789444,-0.4705529805782229,-0.1517415206124433,-0.19657073364156635,-0.10773056916655503,0.00862408889361083,-0.4326340991614653,0.6721958406131355,0.7191934718392705,0.37949241187284133,-0.052985132297697,-0.7418991058650596,-0.79136519582111,-0.27081227554812043,0.01934309479141829,0.002023644897378243,-0.5097552324973659,0.26225266230098676,0.4733164371061484,0.06560378216029222,-0.10669063875149042,-1.0,-0.7943578329771959,0.33718110504774806,0.3410528457188321,-0.13002467249163693,0.0,-0.18027326242174457,-0.8292414127077224,-0.06008653247033317,-0.38134601323217115,-0.36208309846283443,0.3204185120220313,-1.0,-0.603743045826802,,,,,,,,,,,,,,,,,,,,,,,,,,,,,,,,,,,,,,,,,,,,,,,,,,,,,,,,,,
1,0.017042978827648624,0.3156347650354043,0.16414969331445725,0.5143527061921905,0.0,-0.21316356892949997,1.0,0.23968970817096116,-0.3162277660168377,0.9997900262444046,0.0,0.4594594594594595,0.0,0.7120304396936735,0.0,0.8924428866211095,0.0,1.0,0.7783080766732253,-0.2199201535460668,1.0,0.5679612120283349,1.0,0.5296630569457744,1.0,1.0,1.0,-0.20538154375152187,0.0,-1.0,0.33056763453943444,0.0,0.7326901291124366,1.0,0.9405721617326429,0.2837102234667153,1.0,-1.0,1.0,-1.0,,,,,,,,,,,,,,,,,,,,,,,,,,,,,,,,,,,,,,,,,,,,,,,,,,,,,,,,,,,
1,0.23794877910158221,0.252085350576523,0.47191903345629094,-0.36858669578447834,0.5644529120619692,-0.049196636911332414,0.3176907265127149,-0.08707202356562227,-0.20516849788841057,-1.0,0.9292722534349844,-0.06643913710090742,0.5718810185909119,0.35842803945466745,0.14343878158837461,0.2548780926287957,0.9490122658059074,0.0,0.5572172187068631,0.52241901039005,0.06260200305911588,0.47498881090630257,0.14496022988040097,0.0,0.661195024261229,0.0,0.7690147118393916,1.0,-1.0,0.32386479016569925,0.0,0.4344594729082413,0.9426119542689352,0.6224813808962387,0.6019851483332332,0.7789600036891547,-0.46672491800149063,0.8890944206658307,-0.15158885041925318,,,,,,,,,,,,,,,,,,,,,,,,,,,,,,,,,,,,,,,,,,,,,,,,,,,,,,,,,,,,
1,0.20722442699076582,0.2598224880706553,0.3721628021555439,0.27159787739240115,-0.07346592670711173,-0.04094515915514087,0.22449089226473834,0.015858530809242207,-1.0,0.5946991131496405,0.18015999725027812,0.6947444471435271,-0.08929078477245797,0.524990880193086,0.26227873338847624,0.010299578938693241,0.1665934019467127,0.2021831393157773,0.5842881292435588,-0.04293205883952321,0.013813823323692702,0.4736403070416178,-0.19555619803901297,0.06329759604974197,0.8856631756082365,0.5716934238718977,0.15054384892046813,1.0,0.1243679694885236,0.0,0.12185032572944136,-0.06522882452675854,0.5416975651205875,0.41597259586470325,-0.2184559994374023,-0.4085431099841322,-0.19642994773687453,-0.006192812694319588,,,,,,,,,,,,,,,,,,,,,,,,,,,,,,,,,,,,,,,,,,,,,,,,,,,,,,,,,,,,,
1,0.27142321133432057,0.07071076257719912,0.07620902499696783,0.06686879254348371,0.04386279015652162,0.24027242047090094,0.19497161760136725,0.15205565037270918,0.4771527753700744,0.041705016641378344,0.7107064866994143,0.4194535590195142,0.09669364781761076,0.08081303613620494,0.4451037242344298,0.4680533047401215,0.3698049066680989,-0.05557848031324136,0.058841204401452595,0.05444347665581235,0.2748347398466031,0.8366948557300597,0.53152607160226,0.8920612900261085,0.1639257135142907,-0.10262673688819843,0.25339620891345505,0.14215419360209858,0.0,-0.3597337935273541,0.08319414651790635,0.46410903311417956,0.2698258236970012,0.1925717995543931,-0.3606688978492141,0.19293825847631146,-0.28389640356638596,,,,,,,,,,,,,,,,,,,,,,,,,,,,,,,,,,,,,,,,,,,,,,,,,,,,,,,,,,,,,,
1,0.30048516192391195,0.3535530398252541,-0.11221080871709471,0.029824213273514134,0.12217050475507409,0.392621142259817,-0.3329616119178813,0.4634038818081102,0.20261041365639623,0.18058871820163178,-0.010916510628473963,0.36157744244455614,-0.20503187314525376,-0.26719817219578346,0.1650404576776751,0.28356254146217397,-0.022438606978925756,-0.07911231395676296,0.08495077942335444,0.37322007558153786,0.2534877446098273,0.27937877511724407,0.4511720789204288,0.4571562447461017,-0.15224578409117173,0.1097833739819115,0.28089009294430434,0.21041864142846448,0.16292335199772065,0.18786671541244948,0.21371221014913774,0.09201738448520311,0.22493347171826372,-0.10457924947625372,0.4606982678509302,-0.044503492008988156,,,,,,,,,,,,,,,,,,,,,,,,,,,,,,,,,,,,,,,,,,,,,,,,,,,,,,,,,,,,,,,
1,0.08656339002691556,0.17470530412838237,-0.15108056177773602,0.0,-0.8331316854745787,-1.0,0.34815531191139554,0.7057141520037812,0.0,-0.7106916237151499,0.36486062665168684,-0.5132093220847717,-0.8155071447352173,0.0,0.2499187441068013,0.0,-0.7698726449923147,0.26682684850195737,0.3444086432177379,0.0,-0.3494816226644151,0.0,-0.5760184328847833,-1.0,0.0,-0.1557870843385725,0.0,0.0,0.0,-0.7071067811865476,0.6193636351492737,-0.7071067811865475,-0.35044162658190925,0.0,0.10317821254706064,,,,,,,,,,,,,,,,,,,,,,,,,,,,,,,,,,,,,,,,,,,,,,,,,,,,,,,,,,,,,,,,
1,-0.35410187022756673,0.032232487314038626,0.30315468142358687,-0.13996730123878331,0.02451288440662902,0.21383170271718008,0.3407796964063314,0.04355301768049327,-0.03981081585241047,0.2678099283554743,-0.3514726739039682,-0.1764246903021707,0.013813389815814406,0.5335933779253379,0.013677001863047763,-0.20183525244132663,0.33681904254067163,0.4612769510937219,-0.5368828486118755,0.27593110280151534,0.7627175888226383,0.4384697152958145,0.03609226587299731,0.0009100011775195756,0.22680847348155062,-1.0,-0.04049058376817645,0.14912210674092988,0.07970425605019146,0.10079815334816977,0.217274420869126,-0.05574460085194964,0.424851152429095,0.10471979600107797,,,,,,,,,,,,,,,,,,,,,,,,,,,,,,,,,,,,,,,,,,,,,,,,,,,,,,,,,,,,,,,,,
1,-0.17532380073755582,0.6350723295072801,-0.22908955439513606,0.9486832980505139,0.2688855987974098,0.7118542824473799,0.8192319205190405,-0.697559532017906,0.016792530021053614,-0.45442670237396593,0.3637767780146216,-0.19823990750330003,-0.09655999692798281,-0.3975787730659938,-0.1316270950632738,0.13422007418266654,0.5464832905597772,0.0,-0.11202645762912003,0.0,-0.773836412432445,-0.3569939129468739,0.0,-0.09095630883573866,0.0,0.6240373919405442,0.5131123659526635,0.27106906621509974,0.14011147493726397,-0.09434916295845591,0.660528385324651,0.9566067023247539,-0.2868080918321291,,,,,,,,,,,,,,,,,,,,,,,,,,,,,,,,,,,,,,,,,,,,,,,,,,,,,,,,,,,,,,,,,,
1,0.12153591504472727,-0.07923392819569482,0.0752725551505599,0.20014048210002586,-0.23260170016023876,0.13213428302453573,0.40795870613632385,0.1242326954256685,0.34953697826897406,0.13187990332241684,0.09152295808471128,0.20406313354874567,-0.06872432316114149,0.08849727534188212,-0.002677675204139103,0.09339187760944484,0.32799111521924973,0.3409879701097732,0.42196412223703406,-0.016588833418117545,0.08045405540289606,0.19461594088651113,0.18208880409498526,0.5427358929154505,0.07677462030950331,0.08515775994261544,0.08256458041040489,0.1774254194947309,0.36056290685805065,-0.11616384164772993,0.3311788965570397,0.24139539452535325,,,,,,,,,,,,,,,,,,,,,,,,,,,,,,,,,,,,,,,,,,,,,,,,,,,,,,,,,,,,,,,,,,,
1,0.9208014460388664,0.17305156558458668,0.7485317551163277,-0.14289975101122343,0.9989467242846545,0.2645249796283417,0.43093767043226233,1.0,0.46997367697680426,0.33898516241333604,0.5538866918416876,-0.10120984162184812,0.21034563719335392,0.35713096699396785,0.5624266939341583,0.0,0.24328324203829493,0.0,0.4026396097448696,0.5708137846123661,1.0,0.47508751434283164,0.0,-0.2299274002850654,0.5113503837856339,0.7002800766931344,0.6921206626643109,-0.05758563975510447,0.47658126894316866,0.9999999999999998,0.41745400400260957,,,,,,,,,,,,,,,,,,,,,,,,,,,,,,,,,,,,,,,,,,,,,,,,,,,,,,,,,,,,,,,,,,,,
1,-1.0,0.4901654520036601,0.1564351276860434,0.30465555926783733,-0.9687628494864421,0.18823463565410345,0.23001179613335132,-0.1303468114766749,0.8590215507535344,0.19468426167443464,0.5288573902333029,-0.15551669649525954,-0.03863876873956067,0.223862324674193,0.7162689854524376,0.2871136542239811,0.0,0.5272123225713136,0.5767847455740304,-1.0,0.21481670302497777,0.0,0.19566139822996112,0.09470735972978303,0.017026530407996395,0.31420354150767055,0.42193168663453523,-0.29371126857173746,-0.2169304578186554,0.3911927352976914,,,,,,,,,,,,,,,,,,,,,,,,,,,,,,,,,,,,,,,,,,,,,,,,,,,,,,,,,,,,,,,,,,,,,
1,-0.7890418362189967,0.65125417342688,-1.0,-0.4898154883169688,-0.8058965093857465,-1.0,0.36398596291302904,-0.9756122542655781,1.0,0.28768681547920866,-0.11280856829540728,-1.0,-0.5800899199557636,0.0,-0.2471426043858398,0.0,0.0,0.8355410222121828,-0.8363538366716369,0.05958002540415348,1.0,-0.38782455564,0.832998035911908,-0.027248105601463485,-0.3780732920163159,-1.0,-0.018059543256304364,0.8132733763492118,0.07477047630358724,,,,,,,,,,,,,,,,,,,,,,,,,,,,,,,,,,,,,,,,,,,,,,,,,,,,,,,,,,,,,,,,,,,,,,
1,-0.37655790267760364,0.7559289460184542,-0.02478112374652752,0.7023469324881558,0.38236101420680946,0.3990057600637903,0.24138150299322314,0.48912163429681454,0.5638042647576363,0.2893732191091874,0.8037786710929051,0.43949181316008246,0.31622776601683694,0.7046400923180468,1.0,0.576918722704492,0.04515337673366562,0.682912294539956,0.5528683728106856,0.0,0.2899339734083134,0.46546540816517523,0.7697523856435089,0.5352855641377536,0.8187340460062328,-0.24891112568060875,0.06523280730534363,-0.5018914660878171,,,,,,,,,,,,,,,,,,,,,,,,,,,,,,,,,,,,,,,,,,,,,,,,,,,,,,,,,,,,,,,,,,,,,,,
1,0.6489219298401726,-0.959069388576158,-0.14060891875829507,-0.6163296555591814,-0.47389020810134724,-0.2591285660873499,0.5916159325819917,-1.0,-0.052107824739592,0.1550352888180289,-0.6830279231871216,0.0,-0.30137493917684605,0.0,0.6560734678162978,-0.45214367424323454,-0.8499041223703555,0.1305729682719642,0.0,-0.5081473447381301,-1.0,0.01859128956607778,-0.31513066325069844,0.481512970468533,-0.04467235719178921,-1.0,0.1984640447682356,,,,,,,,,,,,,,,,,,,,,,,,,,,,,,,,,,,,,,,,,,,,,,,,,,,,,,,,,,,,,,,,,,,,,,,,
1,0.07226985141224607,0.5845650739974982,0.2993294105918154,-0.26764386378609456,0.2988790665240718,0.08001025779166022,1.0,0.11381147698630555,0.7155130422506201,0.5827938603112713,-0.756560177985121,-0.6054361100183205,0.9542262139256075,0.5013533900471895,-0.5641887800730091,1.0000000000000002,0.12144949702286283,0.0,0.0,0.9155311442408822,0.6050788387941802,-0.01341700013103797,0.7077192601070825,-0.13765583572860746,0.3282101217383987,0.12831015851745114,,,,,,,,,,,,,,,,,,,,,,,,,,,,,,,,,,,,,,,,,,,,,,,,,,,,,,,,,,,,,,,,,,,,,,,,,
1,0.3247241652816425,0.5070869285678504,0.3486659011216667,0.778248574582101,-0.021682039696180905,0.637964525354534,0.4570504057025823,0.24471885998682008,0.11080335856260304,-1.0,0.2708067739340194,0.0,0.40959236433524504,-0.7523525329399665,1.0,0.2231897608393453,0.0,-0.29349897448806833,0.9926705703669497,0.07104895918380415,0.5062621375144929,0.051372374316058345,-0.2674103302009235,0.9747991468083433,0.8967296566120981,,,,,,,,,,,,,,,,,,,,,,,,,,,,,,,,,,,,,,,,,,,,,,,,,,,,,,,,,,,,,,,,,,,,,,,,,,
1,0.23640509593317097,0.14294576386716878,0.2565575354102544,0.35647986186214603,0.39904221131592893,0.42504696864793073,4.628448346015971e-05,0.27019830486710483,0.0,0.13236462019210082,1.0,0.4115122845083934,0.14074843726709882,0.9510325028369161,0.2929395101500529,1.0,0.2904138838679368,-0.1773493258659073,0.7690854196275971,0.5402696922760586,0.4040893254872596,-0.2960847882090704,-0.26736643153727474,-0.04074605370128007,,,,,,,,,,,,,,,,,,,,,,,,,,,,,,,,,,,,,,,,,,,,,,,,,,,,,,,,,,,,,,,,,,,,,,,,,,,
1,0.8834522085987725,-0.002679655772091973,-0.7922516590715359,0.0,0.3202608191851316,0.42354828608738276,1.0,0.0,-0.27289373691837226,-1.0,0.06466191479267384,-0.15475161530172443,1.0,0.38563582791588485,0.0,1.0,0.0,-0.04392823754286312,0.8250791525837599,0.7077192601070826,-0.5831117096272288,0.0,-1.0,,,,,,,,,,,,,,,,,,,,,,,,,,,,,,,,,,,,,,,,,,,,,,,,,,,,,,,,,,,,,,,,,,,,,,,,,,,,
1,-0.07529749490105789,0.4030895490444869,0.31936632177982877,0.2624612047329916,-0.15388070274505364,-0.20861445459361133,0.0,0.13318019108621718,1.0,1.0,-0.33203098082039867,-0.14080883153504845,0.4282934471451036,0.0,-0.14541925861578076,0.4553033988909634,0.5197952304248004,0.34197380657017984,0.4877808736900274,-0.41531382618045903,0.8183032770095431,-0.35579086169501745,,,,,,,,,,,,,,,,,,,,,,,,,,,,,,,,,,,,,,,,,,,,,,,,,,,,,,,,,,,,,,,,,,,,,,,,,,,,,
1,-0.9014001734323601,0.7455667235295675,-0.1095515864965184,-0.4892915103783084,0.1945398430744958,0.0,-0.21760608172430768,1.0,0.0,0.3124815731330523,1.0,0.35248912493385026,0.0,0.6294769638389722,0.6939343547914497,0.13244447783266852,0.145289141689696,0.2309262383575526,-0.14369100666475282,0.0,-0.12010621971598294,,,,,,,,,,,,,,,,,,,,,,,,,,,,,,,,,,,,,,,,,,,,,,,,,,,,,,,,,,,,,,,,,,,,,,,,,,,,,,
1,-0.2702685967274419,0.24700607173178776,-0.10039787672419041,0.26893900853623426,0.0,0.5428958729810497,0.0,0.5710308352714093,-1.0,1.0,0.14493876341424233,0.0,0.1808705994465621,0.1878587371020977,0.020055880598335036,0.3320280264069708,0.32354529403473997,0.1530222809986165,0.41481084772607635,0.5597274116843374,,,,,,,,,,,,,,,,,,,,,,,,,,,,,,,,,,,,,,,,,,,,,,,,,,,,,,,,,,,,,,,,,,,,,,,,,,,,,,,
1,0.0984293773009112,-0.21629017684004112,0.06832682784493968,0.0,-0.4498539066628348,0.0,1.0,0.9911741468474613,-1.0,0.29119373636758883,0.0,0.16047586426036398,0.44946165639204677,-0.49425270755902584,0.36165830726524567,-1.0,0.046823586298586135,-0.5100633723273292,0.2999055836923446,,,,,,,,,,,,,,,,,,,,,,,,,,,,,,,,,,,,,,,,,,,,,,,,,,,,,,,,,,,,,,,,,,,,,,,,,,,,,,,,
1,0.09685769696798338,0.04035588311213661,0.0,-0.017677225897869544,0.0,1.0000000000000002,-0.11785590687998676,0.2032406719059953,0.11099914289463667,0.7433444157629642,0.2630387137521419,0.16147956282504494,0.10069870014630895,0.03202971311169627,-0.08511274848209426,0.02075852350065743,0.041342890701020554,-0.14306664286834012,,,,,,,,,,,,,,,,,,,,,,,,,,,,,,,,,,,,,,,,,,,,,,,,,,,,,,,,,,,,,,,,,,,,,,,,,,,,,,,,,
1,0.4623713616099076,0.0,-0.09662569055785172,1.0,-0.0109504990390101,-0.17066841783227546,0.0,-0.09190498810752619,0.0,0.4415100042441106,0.5371063235994163,0.35874397493652893,0.018779889617578885,0.21069306200354473,-0.3070084627706639,0.7067052822122194,0.37689824077911527,,,,,,,,,,,,,,,,,,,,,,,,,,,,,,,,,,,,,,,,,,,,,,,,,,,,,,,,,,,,,,,,,,,,,,,,,,,,,,,,,,
1,0.40649753568399527,0.5720828095447207,0.5718154115726407,0.5843306360491081,0.05157310579343616,0.5733189844358905,-0.09062061579874375,1.0,0.2740274742671729,0.09162269378772638,0.5389640780162961,0.3989904159819451,0.6959171517318238,0.3810244689834608,0.30968086293174396,0.12117926087705307,,,,,,,,,,,,,,,,,,,,,,,,,,,,,,,,,,,,,,,,,,,,,,,,,,,,,,,,,,,,,,,,,,,,,,,,,,,,,,,,,,,
1,0.0,-1.0,0.3328201177351375,0.0,-0.2643531428255539,-0.14274868751987851,0.0,0.021859199667337216,0.0,1.0,1.0,0.0,-0.28216632399155006,0.0,0.0,,,,,,,,,,,,,,,,,,,,,,,,,,,,,,,,,,,,,,,,,,,,,,,,,,,,,,,,,,,,,,,,,,,,,,,,,,,,,,,,,,,,
1,0.0,0.47482085578562316,-0.30100112828720665,0.7257941285961169,0.006453305211654546,0.0,-0.3651173105074453,0.1367699100576556,0.6008881824906402,0.26278935340041243,0.09611504838753944,-0.022656103695330995,0.6970966755769257,0.05249045514277427,,,,,,,,,,,,,,,,,,,,,,,,,,,,,,,,,,,,,,,,,,,,,,,,,,,,,,,,,,,,,,,,,,,,,,,,,,,,,,,,,,,,,
1,0.0,-0.8288764443777851,0.0,0.8873274323763803,0.10025568343032223,1.0,0.0,0.933200972559785,0.0,0.0,-1.0,0.0,1.0,,,,,,,,,,,,,,,,,,,,,,,,,,,,,,,,,,,,,,,,,,,,,,,,,,,,,,,,,,,,,,,,,,,,,,,,,,,,,,,,,,,,,,
1,-0.9190053010651499,-1.0,0.4499736796950189,0.0,-0.6405504804132917,1.0,0.5249138530964691,0.5082588498850469,0.57058542591407,-0.547967031187203,1.0,0.04634202098054329,,,,,,,,,,,,,,,,,,,,,,,,,,,,,,,,,,,,,,,,,,,,,,,,,,,,,,,,,,,,,,,,,,,,,,,,,,,,,,,,,,,,,,,
1,-1.0,-0.007733831029320733,-1.0,-0.3990796588454828,-0.20573947263202133,-0.07291675351799595,0.13599380066677524,-0.6505857899593599,0.020243562013370846,-1.0,-0.19016290186695284,,,,,,,,,,,,,,,,,,,,,,,,,,,,,,,,,,,,,,,,,,,,,,,,,,,,,,,,,,,,,,,,,,,,,,,,,,,,,,,,,,,,,,,,
1,-0.19763918975523742,0.0,0.8572404365192776,-0.7726998001321803,0.7914973569524393,0.24396831702877192,0.0,-0.8205764061876156,0.0,1.0,,,,,,,,,,,,,,,,,,,,,,,,,,,,,,,,,,,,,,,,,,,,,,,,,,,,,,,,,,,,,,,,,,,,,,,,,,,,,,,,,,,,,,,,,
1,0.0,0.20818086517263934,0.3013144529619521,0.39933741271422774,0.20047298389001036,0.3561904846194425,0.011188724910494574,0.14329040013382877,-0.1367363298062718,,,,,,,,,,,,,,,,,,,,,,,,,,,,,,,,,,,,,,,,,,,,,,,,,,,,,,,,,,,,,,,,,,,,,,,,,,,,,,,,,,,,,,,,,,
1,-1.0,0.0,0.9558279065539126,0.0,0.0,0.0,0.0,0.0,,,,,,,,,,,,,,,,,,,,,,,,,,,,,,,,,,,,,,,,,,,,,,,,,,,,,,,,,,,,,,,,,,,,,,,,,,,,,,,,,,,,,,,,,,,
1,0.5020615510837719,0.3475886777900293,0.12319633381393774,1.0,0.18691289767875896,-0.37949137314584847,-0.5798824810529178,,,,,,,,,,,,,,,,,,,,,,,,,,,,,,,,,,,,,,,,,,,,,,,,,,,,,,,,,,,,,,,,,,,,,,,,,,,,,,,,,,,,,,,,,,,,
1,-0.34463270504616317,0.7857878163549802,-0.5214500094539747,-0.7382747136143458,0.3377791195221884,0.07456055429255476,,,,,,,,,,,,,,,,,,,,,,,,,,,,,,,,,,,,,,,,,,,,,,,,,,,,,,,,,,,,,,,,,,,,,,,,,,,,,,,,,,,,,,,,,,,,,
1,0.24462423745351294,0.3097521927661905,-0.5096692524069172,0.5266117775473778,0.17771520110354044,,,,,,,,,,,,,,,,,,,,,,,,,,,,,,,,,,,,,,,,,,,,,,,,,,,,,,,,,,,,,,,,,,,,,,,,,,,,,,,,,,,,,,,,,,,,,,
1,0.3699121503292916,-0.19069858200261822,0.3664025585563994,0.5432264235996369,,,,,,,,,,,,,,,,,,,,,,,,,,,,,,,,,,,,,,,,,,,,,,,,,,,,,,,,,,,,,,,,,,,,,,,,,,,,,,,,,,,,,,,,,,,,,,,
1,0.09198996308625265,0.0,0.7955912661991351,,,,,,,,,,,,,,,,,,,,,,,,,,,,,,,,,,,,,,,,,,,,,,,,,,,,,,,,,,,,,,,,,,,,,,,,,,,,,,,,,,,,,,,,,,,,,,,,
1,0.0,-0.2826713281020756,,,,,,,,,,,,,,,,,,,,,,,,,,,,,,,,,,,,,,,,,,,,,,,,,,,,,,,,,,,,,,,,,,,,,,,,,,,,,,,,,,,,,,,,,,,,,,,,,
1,-0.19748321605642796,,,,,,,,,,,,,,,,,,,,,,,,,,,,,,,,,,,,,,,,,,,,,,,,,,,,,,,,,,,,,,,,,,,,,,,,,,,,,,,,,,,,,,,,,,,,,,,,,,
1,,,,,,,,,,,,,,,,,,,,,,,,,,,,,,,,,,,,,,,,,,,,,,,,,,,,,,,,,,,,,,,,,,,,,,,,,,,,,,,,,,,,,,,,,,,,,,,,,,,
